cookie_id,score
ck_99a4e5ef02d89493,0.015959179616931406
ck_54d463f7fd89ec3d,0.006104807658645791
ck_0fbbc7a6af300368,0.004489228858000004
ck_8fd4937eadd64fb6,0.0061318411417343307
ck_dbb4bd4eda97255d,0.0080141352108044316
ck_6e67225ba59fa5ae,0.055478357442290842
ck_94b59bbc824b307a,0.010775822708206723
ck_b87e88ee5512ea17,0.0074895014597674229
ck_36789ca11459131e,0.074804766190932709
ck_4364a83a11743888,0.0043864595027512934
ck_cf59f4fc0ea690b2,0.0068307937367039391
ck_bfdd232a7c5f2660,0.027664154807597284
ck_84092e23d5ef4d51,0.040635275935315858
ck_c2925c50ebacbdba,0.0045660333907011127
ck_66c9a19963957531,0.050180508769096611
ck_d637a011332ba67a,0.0064432701436157288
ck_1bd753a4681946c8,0.96647395065828401
ck_c30c5844512e429f,0.039357339392255497
ck_396cea6f95186ad2,0.037210839402139692
ck_64a02b7b96149810,0.0015098933675116669
ck_b1ed2278f5f14d82,0.022336690331867817
ck_b153386f1729de81,0.024844587578253571
ck_601edf9105b3c321,0.9826768076400193
ck_d3a8333cb389f4c6,0.0064697148002849335
ck_3c17841636f6f7dc,0.0078881727926410836
ck_333544d173524f70,0.050102052086298962
ck_87c1d0a79e79c84b,0.017192678777131612
ck_585ababa02383b50,0.0053181920196835285
ck_3e0149cdee4cb294,0.0058072165741970255
ck_b864f64101149c35,0.17582706354142535
ck_5b2728f7cca414ae,0.0013886855399197564
ck_cd7d24e3b095e96e,0.033595866240159179
ck_f3dc0725621b3a35,0.015184916813253858
ck_9eb08369e983abfa,0.0043310425893793398
ck_7836bf6def26aa87,0.12296829164056738
ck_fd4582e3853ef23f,0.01147219490665851
ck_2cdad03ed069438c,0.018245778433351959
ck_614d936cef98db04,0.0061784053468833082
ck_ecc18f40b33be769,0.073802738083323882
ck_a93560aa348d6225,0.083714062183749022
ck_90f3655f0c8a0074,0.0034998722777039304
ck_a045a19369016818,0.9928227947053736
ck_69ab9d4784eb77bd,0.012132467747612955
ck_61129937ee466b49,0.024477985768743604
ck_74112e47b8629c2a,0.069245627980778601
ck_d841eba8906e9a15,0.0048197378868117995
ck_78aa4b731cbfe251,0.0030691260062026978
ck_25394c1b83e0b803,0.14210461917845413
ck_16c501470d9bb006,0.017975386785994616
ck_69ff1b0aa143a168,0.0017465352330001088
ck_6d64190623dea714,0.0046460533194464266
ck_5d7721930106dce8,0.012701562505583096
ck_466d4b5366c50b98,0.0038426466622575859
ck_641c8e7694b21f3b,0.065809725593761581
ck_66779098e78c1760,0.0091760370323343138
ck_ed8f1200fc049c40,0.89243927723486149
ck_55f2ef0de3420e3e,0.041094700220317512
ck_968a99e097ee78c9,0.12170769177832277
ck_a98848eec6c9581e,0.023285982976116563
ck_7eaad325abe3b50c,0.015554139618313392
ck_834ca727df855f07,0.1146674439814532
ck_6b1ab0742ff04c3e,0.03735796096257174
ck_fcc2059a8d5c41fa,0.12142520589777429
ck_a96887f841e80fc1,0.034393830323920904
ck_718865237134ebe8,0.0071900438153946096
ck_5df85a8924e11f27,0.014555280088393553
ck_958c0bd61820147f,0.023415245758021223
ck_b4331140b2e0d4aa,0.013818996402818567
ck_8153cdadd300d234,0.00086191513980664824
ck_d4c1da5a1427fd6a,0.055665292052407098
ck_ac32c6e374782b27,0.044761855013753821
ck_465cb8ce232c7670,0.013929796906206623
ck_022a8ae79eb28cf6,0.77351339504361916
ck_7a7f3c4fe0c9d2ca,0.010238008697402179
ck_4802a0a7a1882c88,0.080004667506832078
ck_8b5b5a6b5539e39b,0.90351123935258904
ck_9693b1eb70880205,0.0049598152066427136
ck_59a164c40c03a45f,0.046103527036848148
ck_154c8efb19dee665,0.0091824554780670711
ck_149662b09d632e41,0.010800453422751377
ck_ddaf228487858bb8,0.021853467838057476
ck_76c23726cd7ca947,0.011169707810559771
ck_32eba3510c8eac5e,0.0078743458406585632
ck_41dd44308e6a665a,0.30981448648435483
ck_efbdcd9c181e72ca,0.0096670110842646071
ck_771247b5bc16c12a,0.0066114926644946
ck_692a9e8f504b9762,0.001396646277741536
ck_ceb017baa26e98c8,0.027889886665552227
ck_908b663b2dda94ad,0.063709757039488529
ck_29da59ea3bffb9d8,0.15910259939745608
ck_2795921a055643f6,0.0035626356052267548
ck_fec888a7108ca52d,0.97532874206045039
ck_37dab6a0a536ed49,0.028097573365332976
ck_2c1def5c91c52a5b,0.33364885747913342
ck_0cb9f54928f4feee,0.016559581361375853
ck_677e1d0c14cbf569,0.007323163368338788
ck_192fdad892782daf,0.088352016941987771
ck_e5e2624b7fc89774,0.01914889534989913
ck_5138f6c575dec64c,0.0066878042845022207
ck_5f4a25ffd0b85a47,0.022851007840222162
ck_aebb42afe430e2e9,0.0030386922609714588
ck_44e9a18a8645c9d3,0.019982544268739265
ck_79ba8e85678d0224,0.0037815928500488862
ck_ef1a1de20d2124cb,0.017324282499771641
ck_e7d903c50d353361,0.15956142266670564
ck_bcbd8588a13f5eef,0.0060728901749829683
ck_80e3041811033443,0.062576725546408279
ck_bdee1221b9addff8,0.010073310503838504
ck_dfc933493561d84f,0.0051555498639856475
ck_e0f9506a6d5f4a1a,0.0089062926601371079
ck_a911a066ff0f7b56,0.02505765932023744
ck_5c45968a805132e0,0.027753507175240711
ck_152820d8817f478c,0.0069309217750711119
ck_13f03ec785cbdae1,0.0039975970043748428
ck_a662b4bf900781e4,0.0083286941461400126
ck_0c0dde42ab64ef87,0.020462791177385496
ck_cb3a40594da6a2ee,0.030402742435787573
ck_a69084a068bcc8aa,0.037189986786446624
ck_f3bce4eccfa6d6bb,0.0047010992851612863
ck_794d8935a895e33f,0.060621015028816561
ck_5f217bfe28954e75,0.73479001423306078
ck_9700a00ff9e66216,0.034423651693140267
ck_9a66cb13a9884cc2,0.0067209277381773506
ck_522477be6376b450,0.021718772036551919
ck_4f6ed5ea5ab7c429,0.014039151975252094
ck_f5882e6f98b8b4cd,0.0032181201493611438
ck_ec01ae5351500355,0.0037486481732477892
ck_cc276f71ab6c08fd,0.036711113931750479
ck_b06ce826e593b210,0.029791441553468877
ck_1833c81d693c1e07,0.86830686296304682
ck_b4ad165ace910222,0.0066626334348873113
ck_7ce44f4e06d58111,0.10494249305659331
ck_804c5a1fa5753617,0.014732941878246373
ck_db2c0908150cb2cc,0.023175225555965202
ck_8530158e3d7f59e7,0.0085841162682052975
ck_efbc79246e32c66a,0.012555958987626339
ck_dfaafdaefa5716b6,0.071443607588761684
ck_75f968be67f46d24,0.017356960751776947
ck_3715bfa7fed2c675,0.0075994755719359548
ck_b5935e9722a39819,0.085514385916641594
ck_e83409471d2b0b44,0.01147444976828383
ck_c729d19053387be9,0.015978797919753325
ck_38d4ed52cbe6d123,0.028474350790755457
ck_ea835557d7043667,0.0053231758681138996
ck_95b48972061abe82,0.0061529542895010997
ck_2981d16f8a51a8ed,0.028866746311612228
ck_30bf5b0056eea9e9,0.49609194972716614
ck_a1c7adfe26e09a8c,0.014231479978261082
ck_1eeacc26f02fbba4,0.025916055049360544
ck_044fa3b3a003f0b5,0.017544750938956868
ck_6cabb1a133f0b151,0.01068830734437155
ck_b71279e807d0b3a7,0.0078354622570488992
ck_ba68841ca2ba073d,0.016111262567162336
ck_e1790b3aa2241b10,0.5912152290028434
ck_0bf48607a874b4d1,0.0029359945331653985
ck_fa8a4a9e77799fcc,0.0056055162821163577
ck_52c311f29ca3aca9,0.0011830829081603861
ck_42c6973d3a6fe983,0.0036385975024249904
ck_b524f7a2e752b9d0,0.006414245920663933
ck_14e58c3fb26a2b4d,0.015618932768137524
ck_ec9976cabc63ff92,0.016857446485361222
ck_9f50920c894f64e1,0.0065350862906976715
ck_0259da8f109017e9,0.010884057351061092
ck_9d8e9ef37797d3af,0.46055919806130852
ck_2d28f14d3973d8fb,0.0070258245715929327
ck_f5b1200dc6f95760,0.024831869790102653
ck_20d7571ba830009d,0.015293095874676371
ck_54978a073e7a0b1a,0.010846960026790827
ck_6236a461dc0d11a3,0.0038573815461150386
ck_7d3a88d1aa649708,0.88790249582742697
ck_742f7c28ddd019e8,0.026101237598563531
ck_d979ef95ee44023d,0.014456173548813407
ck_c01c85bd631d4054,0.0044987381354119043
ck_1e832a5b2342554f,0.052648362337631358
ck_9bf95f8c47e7c7b4,0.006222338570717998
ck_6b38763bf5ddbcef,0.010475979284092054
ck_bda4041a3e90d860,0.0061759043134031058
ck_703499f5410280f7,0.0095809713898123029
ck_1eabc15a94bd9009,0.0048577074905002803
ck_d5bd8f68da073cd8,0.01250648095271709
ck_6e6258227fc8db7f,0.0039774785186460632
ck_be9c46acd216b45d,0.014692558874997435
ck_e2f88e202b6f700a,0.016914849335018259
ck_353a272478f7e903,0.035258485705179851
ck_a2c9796ea229a4e2,0.0097040966106230232
ck_acee218cbe61df69,0.016117605625613051
ck_9704c5cf8659cedc,0.020177072753676265
ck_4b0947bf94e9d847,0.040740488303616762
ck_bb113e3e6716ed65,0.0097041216748318219
ck_60b4d59953505682,0.74209250691064532
ck_7dca4d7ee10b4eeb,0.0051806610031303324
ck_4863077723cd6ce1,0.0064186600282043309
ck_469a0578d05990c2,0.0053074886147950048
ck_5db1cb368bc41ac3,0.059604293481231377
ck_b72c7ac4208052ab,0.016970564825393643
ck_abac514d8167ea58,0.14901873285041339
ck_6de2aa2bb60978d3,0.016719116948473334
ck_186dbff4b24a3bbf,0.086971113778404524
ck_7f15503048915d6f,0.0028205743335753646
ck_c35e03b0dd0c3454,0.0082857969332481261
ck_2cf8a44e041217de,0.10316682459876678
ck_91955aab3424ad16,0.015260275576461865
ck_a032e8ac1507c6df,0.58745502587100185
ck_342a79f91de5d1fa,0.023841276723765403
ck_3ecd8a5ce65e21ca,0.0079267339476058185
ck_45424ea6f0bc4650,0.20452207544425877
ck_41346ccd9242cc8f,0.0023103479784978218
ck_35d6c510ad29362e,0.43763497314717226
ck_9de191bf79afd676,0.020171990543916007
ck_6de6b1663f9457f4,0.0026752804023056818
ck_61814ae9b6d8eab1,0.013556009299599946
ck_60187ac2c473a662,0.96122541943931417
ck_c0b50c11e4f5adf7,0.057599780638441331
ck_062754f8b79b86e5,0.0082805261456233483
ck_0027b5d4107d65d8,0.03333026334457774
ck_d61c837b0106085a,0.056367590917629828
ck_a99e0c258ad7576b,0.0066079090143175596
ck_e76257caa98dc25d,0.98933482492589864
ck_9a65fcfc7916f93f,0.0048149448116981287
ck_c972b0e781efed3b,0.013432954038500693
ck_3a632cdf2c19051b,0.063447335705725166
ck_9724718fe64c6557,0.96733267960644942
ck_d44dc3839a195c8a,0.048784664881587871
ck_2fc70b6baf6a0e26,0.002894201378194228
ck_b4911c42f3bff740,0.0097384760502200914
ck_53428573abcd606f,0.02387645323621794
ck_c8198cb4c461304f,0.03607385348363356
ck_852c50bbba1ead13,0.032634087953707813
ck_d5ef6dc116dee408,0.0058423284288297607
ck_3ac528caac74f563,0.0081566479264743967
ck_1b0b7c3d35ab1259,0.01927731173780281
ck_f1a9d832b700bda1,0.97056985382972694
ck_343e6ed2b9d35c01,0.014228107531000065
ck_803c0b4cf9d4bc1d,0.011678419926812475
ck_c457e9c9224b773d,0.018014633874254279
ck_d305b4d82f63f647,0.0042653681882989236
ck_22bd0fc71f95e048,0.040643221215724799
ck_aab23b5470469649,0.006383956509101802
ck_fe0a9372c9372de9,0.051087721494939731
ck_f6c909c205767956,0.046420523424230198
ck_295bca29c34cfe2e,0.042050178647901386
ck_74e60495f8861156,0.014155129779070224
ck_bd20be9a3392d79b,0.0035635607856024983
ck_952da7ca9f33decb,0.055849815820275185
ck_900d62b3184378c7,0.0024758883849411782
ck_eafe9b89857149b5,0.010126571964693108
ck_509cece86a558de4,0.019743415378193407
ck_c423aa6de3ed1e01,0.0064900153601745517
ck_b5a84c5547378c10,0.010934181725447693
ck_9528e1d6b1707870,0.010326304563931053
ck_668c7fc7d7e47c0e,0.032906220050316612
ck_5d72ff6cc2963d1a,0.01748576894976063
ck_6c084bfcb38e96c3,0.022863128956295477
ck_66439e697695224c,0.0034932338802913703
ck_e975002c979e12c7,0.039656800055450026
ck_8e039b23acaaac00,0.049980036353554372
ck_9ccb17c35e636c5e,0.012852509481971811
ck_abd3aa292f8edb4d,0.022426990417469178
ck_3ec9b9d8dd7be11c,0.020167001385581616
ck_d6f5c8741697abb3,0.010112253043895921
ck_5d75ea4f5c9080bc,0.06438012086240899
ck_a4db6e94a8f77f9d,0.048380465813434977
ck_01c1f06692566ca1,0.0054522739150038406
ck_dac7c50bd6d0148f,0.011478909604950314
ck_857a1f5547b9ad68,0.01439677874548242
ck_aefd1ce3ce093cbd,0.0089320653497947846
ck_7b59d22cadef3b05,0.18519248778913622
ck_6bc0e5b8c0b7d2bd,0.044305028099885992
ck_2c44ca550e5cfa82,0.017443763312652089
ck_e4ac22046699b99f,0.0090762018884783819
ck_ee7a515e87d17d4e,0.0064477458549507902
ck_5e512ef5362a3dd6,0.033827117215388655
ck_df1f2dba802296be,0.87873786060045922
ck_49bdba9ee1899dfe,0.012642193604413429
ck_52730906e5b461eb,0.86731767288849615
ck_dab34cf6f0626c9b,0.036161237467102834
ck_f9d8b4813a88c1e6,0.0055021137144043693
ck_c0c4be3f44311b04,0.0039106897437458732
ck_ae3b47d6e1063704,0.016601020827777896
ck_533672fb40531607,0.035277782940838685
ck_2a244f1ae08ef83c,0.016487285928409295
ck_fe429ba3e1aa0e4f,0.017926538733208503
ck_18444be153bac1ca,0.75957858854451532
ck_2ef76f1f36e8b869,0.090511144918771866
ck_99ee90946395d74d,0.70645324230893225
ck_bf2228a052815840,0.0073079608483054845
ck_1bb212d1288b9689,0.031436150646143517
ck_9949f53c155b8dde,0.0066713139291722009
ck_04a1a46f07885296,0.015952080172397486
ck_70c7679199776a90,0.0069627133541993284
ck_231e6dd1fe708000,0.037660689894244648
ck_e013d88ea7939616,0.0075010308215768904
ck_d229cf7f5a3f38ca,0.0062843507306430419
ck_0ad6fa0e23c3bd0a,0.052802679589221642
ck_3a3daa8b376f2a18,0.0026775380039047759
ck_f0d6633d0834fff5,0.027056066788396387
ck_5472214011fbc2a7,0.003458120335026205
ck_e0239e6ae30795a7,0.082345476836832632
ck_646bb3c7be5f0817,0.15114256313227589
ck_a9e7f3b2d5dfd97b,0.005774431424350808
ck_d5ef1f6e34bb35b8,0.033932515955356332
ck_615277c8a4e2b18b,0.0046671493626091977
ck_11318f7c041a5ba9,0.00868741047495457
ck_6d69e092f9b0848b,0.017092045506735012
ck_fbdac0221bc03f66,0.0062928905797557258
ck_3854c08d17704347,0.047398280339259954
ck_a9989a3a94c26634,0.023014517675297476
ck_d3cfb3603f2c6ca3,0.028051937203625338
ck_ba54e0a1c328119b,0.57595345272923404
ck_ecfb771ed2352085,0.010706968809378291
ck_2401e8ff89e574fd,0.50820504017012114
ck_54e2eb018d947790,0.009794387224684958
ck_ad7269eaa65c67f9,0.014030239553770748
ck_cf2ca4f286e289ba,0.044455897642715791
ck_ccfc9ab888ba933d,0.17340171159079276
ck_c881f26c9bf9ae42,0.5135365803286458
ck_a7afdac4ecbf2de4,0.52062036965328828
ck_57d0a7eb7eae2eaf,0.018605068482782969
ck_3fb95862b70f505c,0.04845277796245686
ck_5478eb69ef912785,0.14297367870349315
ck_bf4e7d48770a4a8b,0.06438517156259449
ck_5875828b11406398,0.0075805453339074878
ck_3019afee83342701,0.0176508487203072
ck_dfa0ac11fcb1dabd,0.0071682562229336381
ck_2d695f8358383092,0.015179081274752166
ck_7717fcb100dc4b5f,0.026341196587233828
ck_682262b455a9edd4,0.0024154663074356197
ck_18270fee7c8fcee8,0.0052450232545261143
ck_e6d3ce445b86003f,0.016624088910114767
ck_61d7b0568ec5d6cf,0.062805175355538603
ck_bd1bf9e3e29de281,0.023608090260234117
ck_7ea0bf310fc20c7b,0.83447329951966842
ck_328696b8f5e54ec6,0.094647786415125695
ck_1507f5aa50cdf3a0,0.015403898358240915
ck_ca10102961f99eb4,0.0026050805389482685
ck_61b79dec96d15713,0.0027216262024576461
ck_ca7b993e8286af7f,0.056852516574283904
ck_c9dcd92b2f836b61,0.096559801802186457
ck_fe2fc7d6e5d83f09,0.0065620440255307446
ck_b6e3af0a5119d9a0,0.021607347760288206
ck_e535fb0f0c00418d,0.073234463706481914
ck_31109c899336348d,0.01353044127200034
ck_d4e024fcda401a31,0.012504954711801013
ck_9cbef9bc95449dca,0.043785234079037311
ck_a397cd64ec5d644b,0.020799437326138832
ck_b0f191e44f9b6f35,0.050076114091967237
ck_3049d744b527f4d0,0.004274640725837376
ck_6f661b428d6fb8e4,0.028409634361939256
ck_da59ab47cb6284ad,0.0097664661041873355
ck_5576ffc6aaf6f22c,0.002220243875928095
ck_8955d7b9030d5eb5,0.038981191479833588
ck_78a61215675b38f0,0.0088293027305853741
ck_001e42551cd06e40,0.022049210368751074
ck_3b6057d51fd4c7d6,0.012492723601744717
ck_87110d84872c0fed,0.025763496779309697
ck_f034adb57391f3d7,0.1106345893207592
ck_d84b5403da4cea7b,0.02272926011296628
ck_f04062216f95fa00,0.019998237445306152
ck_d9573100bbff4014,0.30097881012706917
ck_b5d0d223ef56473f,0.01901100462940418
ck_3aabf5e0f4defb41,0.031103922215830151
ck_ac449ee0c315edde,0.016616087180198306
ck_085d8c42739e2b10,0.99293951243462986
ck_937402a60df0821c,0.011706660083441324
ck_cd1dc68e441222b1,0.93048705997513892
ck_714c5d7cb17bc9f2,0.011038072811633669
ck_1d01b4a609918c4e,0.53109202705499381
ck_cc1c0b93d05b7d20,0.061950124697717157
ck_46f4e1f5026f4d1b,0.0011075502243073957
ck_779491819995625d,0.11097976409501592
ck_46bec0bff167ed3f,0.024582009746122225
ck_92d679d6ac7dcdcb,0.097474973566740009
ck_22a7cf3b99c5e5fd,0.012509219183687505
ck_09faa4e771cf876b,0.015961017459278484
ck_0b2eeb4e00ff7955,0.017884660131713866
ck_9843d0e61c37ebe8,0.99221593907588446
ck_e2f792fae128b18e,0.044817009991357376
ck_00aa5fc3b3bc66aa,0.033738265550419116
ck_3dc378f37d0b74b8,0.024183210784177005
ck_5e98ed6391d9f429,0.044868182798890911
ck_9036b2e5e9298a34,0.01554755450181023
ck_a1cdebfc42a52448,0.0060212394485018618
ck_5f48762a14a0326f,0.0070956167694174958
ck_8adb40b168b59d7c,0.018461674902934121
ck_c08e64d424e56c05,0.019810917325554921
ck_68914e67343a7d32,0.015838844549763177
ck_09e9c51eb538b255,0.03054495974226494
ck_f9a68da9e0f0bc85,0.016413444755187745
ck_498a0acd450944d8,0.0031454521540849644
ck_67ab6f9e05c85085,0.0071089315312488398
ck_aac70764dde15168,0.0099673855938879254
ck_e5ece47d0dd10526,0.0052531992604119056
ck_aa8b9b36a099e4c8,0.025504558345714905
ck_8d2f62930777416b,0.023916456551573761
ck_8312c49b1431a406,0.050142089809663296
ck_6438ae81d43cb196,0.0020855215603893511
ck_949f08f8e80e93ea,0.0026039033217165643
ck_f9b439c9161c3e52,0.0095101001260813646
ck_4dd4ed23e0b927b7,0.17288543400230005
ck_18b36d342b530af4,0.0060128485786515289
ck_8c8c98cc694ac900,0.011412544049030787
ck_74b502b20690ccfe,0.0167071860354936
ck_7f0c4f609673ef62,0.017133291537611416
ck_02241f3dc301bebf,0.007945707511369391
ck_6e5752b87324b58c,0.024019394749737043
ck_b4068439c413b150,0.037954601700999263
ck_bc82fb1895fddde5,0.014317998154107194
ck_0a45d033d4e280ea,0.024937694608417046
ck_39a3f1da060e88bf,0.0080107279011465762
ck_8f1cbc432e2774f8,0.03451557028561103
ck_8ef97b55a5fd6ec9,0.0066289054133044298
ck_aded05ada490da20,0.011408767161554079
ck_335e63101b1e6c4c,0.24036670090461174
ck_e5c30947b732f661,0.12207722164720616
ck_f824b326d5089885,0.1313723508870796
ck_a4d7f6a5869d440a,0.93139525639708554
ck_58e20f5a3e7f11b8,0.80074900920579739
ck_a04403073c90ce38,0.0014796013839356798
ck_9eea37d2de633b27,0.014998356073982262
ck_fecb39c82c43e76d,0.0091736607056003214
ck_f5adad75e1c06731,0.027188495712765492
ck_43dc13b6b6d31297,0.2056989041953492
ck_3acdb083e0d8ad61,0.0057204838861171703
ck_54bfd70022c66983,0.0041473650057612093
ck_c422ba389ff00781,0.0062848661779173719
ck_b26cdb2b7b165d2e,0.059904812207987462
ck_4563227b2038ae07,0.13549616093468708
ck_355c4f29089731e8,0.51582598808015889
ck_fa4211c4d826d830,0.0011744622773180438
ck_e886ba71d4a6fd73,0.015923890397667256
ck_f76d929541ed41dd,0.049212268214501108
ck_0f37c554a5057801,0.65157896289507289
ck_0a7ba51d626e932a,0.021554559259262574
ck_55efc92394fee232,0.0082428502727973467
ck_1df4b46c0a4c317d,0.023693929450914138
ck_ee52c7bf88f952ab,0.0056179849941792948
ck_bc273f3ce79f7e1a,0.0040638714343399366
ck_9371c700d9830326,0.018233411742601173
ck_65acc43a6dc3e65d,0.019488992613297142
ck_b0ee3a98175b462d,0.0073007734651583528
ck_dfbb2056f1ef7d3b,0.023511372157085854
ck_5043e474f848346d,0.025750022841311643
ck_6be8ae9d78148882,0.0054727415666205982
ck_fd4cf578e87703ff,0.039742635661011223
ck_8b24eadf6c72b30c,0.6433463957128448
ck_38c1c75cf055031b,0.04151430305377786
ck_c8001bdb9aafc8a6,0.018582717367707759
ck_d598fe8d2c779ab9,0.0070696334637458435
ck_af25c72d16299258,0.0041668838902643871
ck_0c1f088e17e46daf,0.030853538079276429
ck_6c7b41374f9b2e55,0.0057433586748680768
ck_e4fd8cbd842b6993,0.0074448219528842115
ck_220fda3c11c59b6c,0.14795324841386476
ck_e3e95546a84d0ed8,0.043603115943094628
ck_53c8315b5c30acb4,0.0046359332815774758
ck_fdcb1d9265d8fec1,0.04711981087785682
ck_94f4266ee7871345,0.010779573607782991
ck_7a7e40ee3f97c035,0.18945267064835702
ck_6a519bdac0d94527,0.0072554415035963292
ck_ff30dda2c881a4bd,0.026085870715236714
ck_e7b4016909405981,0.0049835776565131246
ck_1abb93f6924645e1,0.013554660139236275
ck_5e74fdadb93ff293,0.040772433994578694
ck_fc2a6e27b10b10e9,0.0092459237616072925
ck_47ab8e51e5b3a2d8,0.011775278734200405
ck_246989b0c288664f,0.018633514439654032
ck_ddc7c1f3d45fe6e6,0.012293102567732538
ck_0acc3d8c67218b9d,0.0065710882499800264
ck_4c840e5585a7b167,0.16972088244156125
ck_1d30eef7110809e5,0.37964071792376886
ck_ebbc9418cd41f692,0.0041863780038851536
ck_93cc12703b500613,0.063110678310408161
ck_5060aefcc8b6f958,0.0094800809562077069
ck_0595c2a0c7881e05,0.0044163012480732339
ck_d9735647a6b0b0a7,0.76167013573963938
ck_f89719a854fe11d7,0.039696043888125199
ck_d813e15ac91f487c,0.2167538071306041
ck_cb8551453a7bb929,0.014823377019905104
ck_8642e3b6d84f49d3,0.0087023040216956775
ck_9ec7f334604a228f,0.058222263391604683
ck_e0b7e2c0bbe228d9,0.0092101404874514251
ck_e7b40b60786c1530,0.0069783031328684922
ck_edf229c17d25dac1,0.031808953580806348
ck_4424a5223ba2fe00,0.013693082618519675
ck_c96ae2c28086a059,0.004961605781988232
ck_ee40498cd97183d3,0.007936832263833609
ck_13d1b192bbff8f32,0.0080579794864647052
ck_079bd18dacb704a8,0.086587752932772016
ck_884168153c9c0c81,0.0069113861513302351
ck_dbe58392635133ca,0.021320492934074703
ck_9440335375701f44,0.0101559675285264
ck_9083ca9fec2a7f4c,0.015778970210992026
ck_2f9fd36a4a40a6a8,0.0060484641458952177
ck_8bf46e472f3e20de,0.093650235959464451
ck_a76ee3b3e3e522fd,0.076841664608761781
ck_9dd7daacb7833233,0.0078257195682265995
ck_8eaf9509ad9462a0,0.0042914263359618374
ck_c5517923458106ae,0.0060614913060695903
ck_74a4244eb1f162e4,0.0022243946552427001
ck_fe1b1adae3be70a6,0.35932693538918292
ck_571133b2aa8ead51,0.02450685142042823
ck_2b87683c90acb852,0.011562495826210878
ck_3f730318a9792292,0.014984111428024178
ck_70804f60d9704128,0.051807996280176141
ck_7356f47dbbbe7904,0.012347331319524167
ck_e7651fb87bb24132,0.0067217432695463025
ck_4a59f4e10bf45d7f,0.0058668255052000406
ck_98e337806104dd88,0.013835521390875285
ck_c39a9e75760e3201,0.0087790342418238784
ck_39d5f6c17c745ab1,0.0044119030397363097
ck_ccbdfe744acff8bb,0.014736454016275621
ck_d6ba7ffd2ae08863,0.0057472058814469328
ck_0eeb3d9b3e697edb,0.016706371056061306
ck_2a65f1cc23f1180e,0.0061844756765470138
ck_c91b7fccf6aeb4a5,0.037496071537452824
ck_e55b7fa67db1ec27,0.0065111398447609097
ck_214af0806470ef48,0.0043294829625977731
ck_7fbb709a0fe95759,0.0023563889807019425
ck_4a9a791a1d409a3d,0.024071569070011515
ck_99e52c3c2530b69e,0.98064949522699418
ck_eb3fb1106f2f1b21,0.059893581797169623
ck_08b77ad5f8f73007,0.012911580995095956
ck_934fb5064b6eefe2,0.0063608429504101319
ck_6a92cf5f4cf5de38,0.011282530962241794
ck_9ea5872f14cce338,0.013967301636253426
ck_6ff6883633b8c7ba,0.0054045857428896057
ck_f19030e6e85a6776,0.030719735327904871
ck_cdabe60ab59f9d5a,0.050091047076187223
ck_75fb7e56432ee4b2,0.0077653113791333961
ck_bb84b2b30293f566,0.82510540042304603
ck_b898d912d1181ef9,0.019123027864436266
ck_348a525791ae6475,0.045456605237074121
ck_18ddf7e836256e3b,0.013372594528057421
ck_5b73d7c5255e58a3,0.29618114468313395
ck_48d4d63beb26b623,0.02509288797600729
ck_020eb0e454524ecd,0.0032850570911662279
ck_961ddb8ff55d868e,0.0010911311738284451
ck_109fc467ec0a4af5,0.034537323249695925
ck_a872df31b28a5f7f,0.08424182139827871
ck_f0093064aa28f4d0,0.01926100820394018
ck_2b699066665abe8a,0.012024858687679416
ck_a17128972d3e507d,0.0054163022094703755
ck_8f35d229b62c8f23,0.032765722751258185
ck_ef8a6af43fedd464,0.0058405121360120757
ck_1e6628879e9d653c,0.024596757098124165
ck_0aa9db36eb16422a,0.0024971269189926143
ck_b53e88c0e927d896,0.0014772620255807637
ck_a9cd84a6dddfe584,0.020656990320752713
ck_b498fa91a0776ff6,0.019900335757295086
ck_69eda24e931fb36a,0.0016438158690281921
ck_1f0bafec397da8e4,0.016714149630321917
ck_523dce06515b072d,0.012564022804190434
ck_404e2217fd87fdd2,0.0040251341805742835
ck_6b954c75aad8c012,0.028177481153901156
ck_614f777c2eb5d537,0.009545161004018296
ck_7f8f864fcc90ca82,0.037081961900861042
ck_58afa1550b3b5294,0.012907001495500761
ck_ca149244b54ef3ad,0.0066032689455270601
ck_1573878386886290,0.0042549347760836072
ck_7ecdee2d7127be8b,0.028313511886171192
ck_b667952253503174,0.012836855614226058
ck_c8307fecafa90140,0.007932838196603894
ck_99a92d710a29c1d0,0.025789062548852607
ck_bb6cf7e7b707731d,0.90437335284105003
ck_fe3c1d0ac090d960,0.087297316269730446
ck_fc60f42c68c7024f,0.046883095016580223
ck_f71a4094e889c3af,0.015032959984766427
ck_22311b037456a76e,0.00687546079690852
ck_fb90408f4892a21f,0.0086355263845358503
ck_5866b413549765bf,0.010044584790090993
ck_2ac36e1dff211d38,0.03262343737876143
ck_ba8affe4b9505a95,0.64094622975459303
ck_1b2d9cae92a1aab1,0.061720798088544901
ck_58f4c3ac61fda129,0.066489939661075997
ck_a378c58294001a36,0.87970152251267542
ck_afc484d1b6907983,0.007205304594026826
ck_030cf09525dba4ba,0.005689758830084741
ck_babb95a76c69509d,0.035539119284268443
ck_5662492a54e6688b,0.4440219636607533
ck_db4083a0d043def8,0.76600454138407525
ck_c0032232c2868328,0.0067209658969996566
ck_cc91bd7152d3e9ba,0.014628217354527427
ck_c484c5bda389bf20,0.0044019205094859007
ck_a7ea00a1760ad561,0.98554626878453322
ck_cc90e219f1ebf390,0.0024437140122273307
ck_ddd65711b5651f89,0.0097972458023399302
ck_f589f1e29301b5fd,0.010613804905776562
ck_8c6f059c95872126,0.002358156843471852
ck_87f82b2b5fee757a,0.015716641898694528
ck_3abfc010091d679d,0.030157510141105261
ck_b8465b1a5666155b,0.024511444526204785
ck_f0bc3bdee6bfbb94,0.077791323432876036
ck_767e0be086b5f601,0.029975944628250435
ck_96810ad39d4cb7b0,0.0099412320087071369
ck_9741a82faf5c7889,0.018682290163846656
ck_97ffae702f7c3d08,0.0047174676861862566
ck_963762210edc5694,0.077912699786865394
ck_5ff6108056a3fef5,0.016479055429692441
ck_3168f4f2778d64e1,0.012424011460751717
ck_59d086fab5998646,0.011238152167163187
ck_43292f70a03ddf2b,0.016565783547505764
ck_0b259620eac51618,0.003597959617743801
ck_678e74532ac19700,0.013519900011360435
ck_52e1418cf1aa9871,0.006364640615819565
ck_4f875342394c110f,0.027013619510491024
ck_4f639f4ee6ce8d9e,0.067710403881875839
ck_36224a2d394ebfe4,0.052864372619464736
ck_fc4bfd6e739bddea,0.0045823980768239028
ck_88ec57a11b11f702,0.71017740889047287
ck_896096cb167254ef,0.035322516981378171
ck_c920901b9a4ba993,0.44596650651045777
ck_2ff1860da2004c84,0.011838762687696777
ck_631ea1ae91ab333e,0.019887504235284764
ck_0b9fcff9667ec05a,0.0061682689922457467
ck_d3eab7a06eb48348,0.030344705539999295
ck_4dec3df58077a257,0.11598489197259515
ck_73d3689728270a2b,0.0080925038599770922
ck_961e7dbc217cfbbc,0.011327248271758416
ck_dd97429277a2fa00,0.056801901856471597
ck_5c37f7563fa7591d,0.011328944433412598
ck_f2ecab85d4693b4e,0.085453080366819908
ck_a0e3a2facd508e49,0.017046964565725551
ck_02e5f9cbbbf2f078,0.015100244787030148
ck_d064428b7e7dc409,0.020954412538858727
ck_4f463ef25325ddfa,0.43061483865089289
ck_a6fe344bbf67f14b,0.012296743411435962
ck_e03b7d0fa0b28f4b,0.013895597909253538
ck_2f6b33bf46976229,0.0021921058815621355
ck_9c60ae6958d68dbd,0.066342005974796669
ck_d730ff21bfd7769d,0.0052048905170569617
ck_7048bedd554c703b,0.01081902975621302
ck_9e0383e1fb6e214d,0.13509915695111641
ck_733aff0f56f5b3c9,0.028923407533052437
ck_11af112667c98394,0.020365528681402907
ck_004efa95555437e9,0.0083270033411693006
ck_7de6997178207800,0.0025690736482127628
ck_68dd79a51eabf5e6,0.0099280647266377191
ck_0567302c57a2417e,0.048019084711738706
ck_59de511b20c842ba,0.042361048842647075
ck_f1ef5cf7f10b16c8,0.017472177958616955
ck_6a475fe324d7d790,0.025771853925886042
ck_31199510b40602a1,0.017972915170425652
ck_2a6d43b9f883b78e,0.64899847845722836
ck_788e78065526ee19,0.018876051007349202
ck_fdf89dc69f700f84,0.29124728947704581
ck_02a8582c2603e675,0.014202835176207251
ck_9c9e8a38bd5a6c88,0.014036968290352019
ck_1c2dcae19539e148,0.071410971770594328
ck_c7a9c7b2eef46a99,0.0057791406873780871
ck_d9f8efa6a7800f76,0.041408400513810097
ck_03c4fa4f3ed3512e,0.0101730255119536
ck_c80a94d4660041fe,0.1591975651916443
ck_4819327a78615485,0.0047708241922259798
ck_ab3de3d3e41c2082,0.0083502911547685289
ck_e86ad2fe815b6ed9,0.0071167909176797373
ck_c51131e53baa59c7,0.013000782041842107
ck_e963d8525018d072,0.016903566852768195
ck_a4a01fd45936b078,0.040848513579362609
ck_66aeb00e44486cda,0.29104822596964353
ck_838c52cc1d315ec3,0.058112053070737621
ck_d20d4ba60eec9945,0.019557746579535091
ck_1f1273a67cbad5e5,0.34823189471487992
ck_44e57a0bad5a0745,0.013447949216970083
ck_9df7e153868bca13,0.0091657954532786308
ck_50d7c4dab837bf66,0.01921827346405159
ck_9cde4036d0914427,0.012828574048758531
ck_d557b9feb241b3ec,0.0037126190397346187
ck_ba4a6b9aa63964ef,0.012824293706135942
ck_5ccc0c94e5e1f849,0.019532680186747073
ck_3cfeade2cf270fee,0.006913043627446722
ck_faeb0da678bb86c0,0.0034267481925402206
ck_0f35e930d0614613,0.95971573524726095
ck_0e962eacf98a813e,0.0021948771794988086
ck_c8b2e2cb349dd0ff,0.02026678796228347
ck_45f57fb8194cefc8,0.03003692789609996
ck_cf6aa24b92c4d33c,0.51972864491467474
ck_f3bc10e3decefce4,0.00658805881586057
ck_c2466fc40fc9d5ed,0.93658261707158696
ck_5ef50fb07b6737d5,0.019981979831975867
ck_8d0cd981ed3a183a,0.0053711910642048636
ck_aeed557007d52e9c,0.0018093094095532455
ck_dcef7887a4f1e435,0.020896113603449958
ck_6d6ac1f5dd882aa5,0.0020776397988570457
ck_9e3fbd04e3532f32,0.20400419285795857
ck_b8e5244e650aa81b,0.01039082196778467
ck_975c2aa3d4a8c51a,0.013877011613984093
ck_4f75144c6f3b13ad,0.010079030204123906
ck_0e7899a57cd617d6,0.005168066170480488
ck_df8ad2deb0a4ffed,0.02216145713960084
ck_cf7a022178165e56,0.0084585135285269591
ck_5bc07deb82edbad7,0.0032897979288516108
ck_f2aa1b677619ab19,0.011845054161360679
ck_cb42e3be6fe87f60,0.015396040103211635
ck_4dfa1c1e9b69fcc8,0.0087906112098608651
ck_23756522b58df5d8,0.0023555551414918097
ck_c76f1bf40f3b787b,0.0014967237806337544
ck_dc569c1167ccec0d,0.54463381531703159
ck_1ce20e4223a936b1,0.012462312416180227
ck_6b97d1ab90f6bdeb,0.0081554351148166015
ck_1e97899875bb427b,0.0085995042852550149
ck_4b00e75c2d2d0522,0.0043779362473231886
ck_e80883208e8d0453,0.01251273711235548
ck_636111f7f030496c,0.023499115156904636
ck_a2d0417791d4132d,0.011034718972903972
ck_7a7bb9be5a7e48ad,0.020277932359092303
ck_5d2b9e6e087b8dfc,0.99026845676000441
ck_6957905a65c47879,0.01533810493619496
ck_a33d2325f86ab12d,0.017252924453951612
ck_4df036e2aa7e1056,0.019571855709436797
ck_05ab5b03d0bf9ce4,0.24547102807959473
ck_bc04f51c23290bcc,0.0066541262314874323
ck_2ce8931af02a2ce3,0.010611866584805778
ck_dfba788f35d4c372,0.0097724925226738632
ck_90eeca1cda79fd41,0.0025372303665882751
ck_f96db2a1f3448d1f,0.010057333383492531
ck_af5842fa7202ff25,0.01710015597246476
ck_ea62ebfc1f04b49a,0.0021811780240194411
ck_75bb521de55644c7,0.0093662607737875284
ck_81a960fddf79ecf1,0.94928845407279305
ck_8da980cb2e1e2bfb,0.05861495342685958
ck_fa321945ebedb916,0.023351074826010683
ck_00dafc060c8de32a,0.018796106300602758
ck_f81a97d350397306,0.027504134513076497
ck_255d87b7fb40caa5,0.017403528391408039
ck_d5eb179dc45394c6,0.017958942440751913
ck_628f449e248c19b7,0.016476705793120577
ck_d9506476ad3f9e08,0.012704725736525976
ck_e3f1d85fa5d49396,0.0059073837056698537
ck_6f3a28eecd2c4031,0.017575236574049326
ck_46d8c029d46867b2,0.025146295463494429
ck_daf7aea023b7a8f6,0.022979117548178343
ck_aa37993f1c17cd1e,0.031789097756720175
ck_9c3aa9f23d01fa1c,0.005862642638294625
ck_9658a6ef471053f0,0.0089822887610976117
ck_260cfe9141d249f1,0.31158523124249043
ck_8f6ce158c2902877,0.0028930965386961315
ck_430a3d03be588201,0.0075747381139907605
ck_b5f9dd00914b4db4,0.015738991135743972
ck_1c6820fc38135ad9,0.011044896604636487
ck_1f22f04dfc08cf27,0.003274512607640335
ck_aa0a3179f1111674,0.00707942739462888
ck_9d4b5e6b43bad4d8,0.0052644029135851065
ck_e3b3c5a80a567418,0.0079064786280325858
ck_937f0da2306b2eb9,0.0060472903662005259
ck_cce8b6657a538fe0,0.022632249200369887
ck_9e665618a4860306,0.01287454379584692
ck_8cd274cc85aa35d1,0.026684100124146438
ck_b7da6640fa2f49cf,0.20763367956593903
ck_f568772b6cb3febe,0.015782753959097114
ck_e95c8cc1864bd584,0.0059842148889842541
ck_66600620149c8799,0.013235761349539897
ck_81307759252571be,0.0065867030316166513
ck_378a9df82b1e0bee,0.2080281349691086
ck_9ede89e8a43c3f53,0.061530915747081555
ck_2ae6949246ea2648,0.0085263743156945501
ck_2c27b77c59d8f23b,0.55434461896440279
ck_94940d783e7988e6,0.011342333117298653
ck_2db10f987d137582,0.04370718567501039
ck_dac3852758f4ea89,0.008700148908157266
ck_b5a3e20fd210017d,0.0061152681919532624
ck_3f7c870510083a51,0.018285933647031394
ck_96a89e720176b389,0.031714506755677892
ck_1aa87cb62acc0ac6,0.008716748637047184
ck_78cc5ec4940fec3b,0.013532432269509077
ck_31742076e9a998f8,0.027730282791494108
ck_3f9e6d356d3dd3cf,0.0045848801086791876
ck_ab1b9d019921bca7,0.008186937245052487
ck_c8791f7ebd4d93c7,0.026809838460326349
ck_47a6005fabc33551,0.0060231320662188087
ck_5a540b75c866166a,0.017224324720744831
ck_059e4fac6b7f704e,0.0058569261963763424
ck_6c72a36b05fa0f4c,0.015517755312621397
ck_966a167758fddfd4,0.047406523031287853
ck_9ce743dd3e92549c,0.015771543217068307
ck_08a6d4903a7fbaca,0.014707528647351097
ck_8e5999c436cf037e,0.003514172672866574
ck_acc764b49ef02826,0.6547801254848582
ck_7cc2e091806cfa5b,0.039472997309827285
ck_5ef935ac3d4d3332,0.013822729229722216
ck_a84f2cdf695a71d6,0.0044684059721373298
ck_0a4d7acd2a53cbbd,0.0096686137654396348
ck_c5e4a17d3efb19a4,0.15434055129365334
ck_8716cbf892c50e29,0.010057433219681066
ck_b8c7771de9b57705,0.011803536360948715
ck_0deb56f3f6452818,0.0066104434044624225
ck_c1e5182bd99e0e35,0.077592663871141818
ck_f786cbc987b70930,0.0072674374636273482
ck_ab581082e8f72e3d,0.0090456962883297166
ck_45e70c8a9686580c,0.033495853953989019
ck_6fce5a893613fd2c,0.0023595760110605496
ck_003148504557f720,0.1060199228439678
ck_fffa0622344a36ab,0.0046173020228064835
ck_d19bf4dc0627113d,0.0089317686867678037
ck_a337eb38eefdcc88,0.063714176538872347
ck_d4b23804cebb045d,0.0096939308998785865
ck_7bda5b5b927b2905,0.04210486083978008
ck_f8124911450fdf31,0.88620305709321978
ck_b4d2f02d2cd45720,0.21281745373928918
ck_0f4e2ec66d50da5f,0.013325570886820643
ck_186161ce152836f5,0.0090552399735898629
ck_e4d0a9e1102a58b5,0.0060045792725442609
ck_a115a7919ac5875a,0.041382223603319258
ck_c8efa1538b37c359,0.023069906464725419
ck_4d9eb75e8eee90fd,0.032382040889175845
ck_9ea3d5a5a91fef9f,0.015027828362658341
ck_3c59df37895ead2d,0.0082042948938484093
ck_ea269b35406473e8,0.0035925279883945592
ck_2a5b31594206eb30,0.52192133319632572
ck_1fcc5843f39148a9,0.0035733081380447604
ck_7951bd4eb99a0175,0.0017635342770672686
ck_abcbde211b6267f8,0.01430766811247431
ck_7b922518f667f76a,0.0019478130719312889
ck_0bfc394c5faa65cb,0.018113839232245039
ck_0bd77fea8ed75a15,0.0054724954921503768
ck_7c77e597c951cdad,0.016052553397191114
ck_e72db9d4b2fc9997,0.9709440793606583
ck_ab01db9117acfe3d,0.0038686336066684748
ck_471e4018a23b4e56,0.042297171921256357
ck_4b31a8862a857e6e,0.84758094441188037
ck_87cf36a03bd63c24,0.094767911020149476
ck_adc576690df5b33b,0.010566323211401073
ck_02dbabda93c8c13d,0.022971861654783203
ck_64f5eb4be9e7b8fa,0.078666472389549519
ck_43c1248db37a2eb0,0.0022403136778966991
ck_b08afc91d9ca55db,0.021660161084356526
ck_237508ca4fb37268,0.030514557025796321
ck_982b0bf2e2b6c4f7,0.0091636831280398987
ck_71c3a8e4c12c989f,0.0088828254094121852
ck_41938582f4351772,0.033240691505737711
ck_642344e5c652d8df,0.017751259777218101
ck_cee56be5a502fbd1,0.14602647241856687
ck_0f38d4aed68d7d24,0.013603533067762786
ck_3ed4d13f12fd9d0e,0.037363437249576928
ck_1a9e51d092d62c84,0.32169688508153116
ck_22128a4f0d033422,0.02608491638883291
ck_c189b551bd111332,0.0082136389903777109
ck_5d7801201749ffde,0.019060485335217127
ck_982c2392238b7be3,0.53159270587722784
ck_bb4c6b713eb0b978,0.022003653399266888
ck_2605fd571219e28d,0.0033576824404699676
ck_bd30853e9a57b544,0.0067053948152633203
ck_a5276af466b681de,0.0028829706339633309
ck_32e486859130458f,0.67107868420665806
ck_9e35b908fca1e4d7,0.0048008952120853644
ck_c285a51ed6214f52,0.02563282043699093
ck_67674348e68d1f25,0.014560715578141363
ck_7878679065876b98,0.01056018032588962
ck_bd32dd3b2cbb7888,0.99100758302013503
ck_16dbafc035574654,0.0072259452780281336
ck_c1c2cb49c3c1b0f5,0.42107351299473461
ck_8f59f11b512d5b7c,0.02692525464028914
ck_c1b493527224a27a,0.023336189143197589
ck_e89d25ed7bdeeaea,0.01216131135978912
ck_9a84b396aada3fa8,0.023216256601062031
ck_d2fbd0df99634676,0.007661276034541184
ck_67a1aa88d2ea554a,0.030014904108332734
ck_ab2e3fc56f5b3aae,0.14405200702090964
ck_77c587d24695ea15,0.029532411127563891
ck_f0d806624ef3d359,0.0067077607432709033
ck_160e9ba0a3f7c1fd,0.0054688857599932191
ck_8c0210322733c718,0.0079757549527432001
ck_ef261fc09be8eb0b,0.010367409676436982
ck_a2624e0387974e0e,0.010111045324470122
ck_6ecf56236789fc09,0.97167594810004809
ck_3af1eb88728ed8c7,0.0260964516919952
ck_5d8773badd0d4740,0.0163436824161565
ck_e794741742fb2619,0.011990594350160273
ck_2f8120ca80a1592c,0.017538829216208626
ck_ccb4dd9d0a48a76e,0.0057384312062362577
ck_bfa7ba218b988cde,0.024874595303987928
ck_64b4dcbf436f0b75,0.0048917271579896416
ck_41ba315d8fccb559,0.0070048131782729488
ck_d23f9a50d1135ce1,0.12648389720130188
ck_4af5ec61ddbde1a4,0.025405135781768121
ck_560bc6017870ab06,0.0031726388261638246
ck_dbdf8d0708cc6718,0.0099873906935785215
ck_e00332597cf1eb24,0.038166978100397861
ck_df6fe4ec5a233213,0.020697080831906203
ck_94d5ce61a0c50465,0.012210441188509679
ck_e6fecb82fc2a82de,0.012711122309298795
ck_c4f4f28457be8a74,0.0025035485752472968
ck_c7e129058beb3ac1,0.014234018141362964
ck_4ec040b9e3785e4a,0.0032083538179890582
ck_e21f9f96f597695b,0.0065642069545829209
ck_ada6ede84c111719,0.014465387917736905
ck_549ed417f2834cee,0.02782160290782363
ck_5068ee554ceff971,0.013527215516247443
ck_d7d50fb57fcb2d0e,0.0025038140950800238
ck_e0e9cfabb979f428,0.004531325832434251
ck_34bd190d37eda534,0.042442327487308765
ck_99021fe7225b5a68,0.028179205393340529
ck_55933936536a4071,0.020510520447075478
ck_517620ca16505af0,0.0055786250529991175
ck_ce927322ef8f651c,0.02123503661609703
ck_b294aa27a0b586d7,0.010473507582955476
ck_c9f9fddef39bc664,0.035149011141915168
ck_13757bf0eeb353e2,0.0055973085329984566
ck_d116e0e7c19b878e,0.52020466124922105
ck_a3747201f377626d,0.91756272024599705
ck_a315c9619a317609,0.028042239790288689
ck_9958b58da9e3c21c,0.0060300361889573158
ck_89184bf7b7fe41cd,0.36308852714754764
ck_16b66bd803288bc3,0.36195583565996975
ck_7b382e533e2e925a,0.023304987469809961
ck_9a56739d81f84a53,0.072929689855672802
ck_4f0c5857da45fb28,0.069647317433987208
ck_3b49768b448b071e,0.009019134808258172
ck_54bb53b8f8ea32ae,0.9883855780892099
ck_4c7c50684827a2cf,0.018810657461659486
ck_538dad7f096458ad,0.010150683237317574
ck_2884bab237af16b7,0.0054058094224993967
ck_8a6ea4a79b1c7a8e,0.0063842512201591033
ck_57c14e32fa4683bf,0.0063881887695804744
ck_c5b0f0d4f1655a20,0.013184988874890394
ck_aba573aa942b1d41,0.011150213845976462
ck_15239ef0689c1a35,0.011936977710399104
ck_aa153a89a52f7eb5,0.021707788489252575
ck_fce0610c527e2b56,0.023532946859867843
ck_863db2e394dc47d1,0.94307144761747275
ck_66dd4f4b4127256d,0.0022202911260835651
ck_79205e31223df2ad,0.033413829443592072
ck_31d5e3daced93d3c,0.0051224622323051607
ck_1fca72e03143a645,0.90269356597337813
ck_a627734880aca848,0.0027402927667295549
ck_8449a28f7d475d93,0.029771665407387994
ck_27eb86a9898cdfe3,0.031992603788073865
ck_50087d8666191144,0.026965481060109646
ck_d28806a2179092eb,0.9931528032190613
ck_bcc8519fe8521038,0.025230642105187724
ck_53036d3c6c74446c,0.49318722326455428
ck_7d81b59d615a6649,0.036174530568152341
ck_5e5280539257c986,0.0057762031765599305
ck_1838cf8d00f5b1e1,0.0067689923730962489
ck_50460e0189de6274,0.94046788935272141
ck_325caeab5c7a9c3a,0.0084359409689201657
ck_7ce4ca91b8f9f1c1,0.016130622919895279
ck_f87d66946252476c,0.1967677977905824
ck_6d0d081bfa8a0022,0.027917033294934054
ck_ffc8e3c1377d0706,0.0097382275838154252
ck_38d1a22850178f33,0.0032147120611932976
ck_5c58e7f8fd55e26c,0.0022511953810030712
ck_1375ad9f10688e4a,0.0081934617318593413
ck_7ce768407fd48321,0.023167870106895375
ck_31b16b8848584e98,0.032448717771674768
ck_fd44e34af620e606,0.036394731280602471
ck_9441d48a12e8a4bf,0.12742599870775728
ck_f69e93388b3028cb,0.090738998175090624
ck_687b412e2aac7eb6,0.016948040652492558
ck_f473a03fbcdbc4b0,0.015618275713013507
ck_28588fb03b320520,0.032677657592052343
ck_9f9555197480d1cd,0.019704235365981551
ck_2ddfc948b8eac752,0.39300704730010894
ck_d56fc799542299b8,0.0022215007614928848
ck_edde1d7d1db24725,0.034467334536376563
ck_81793387b38047cc,0.013694189253154691
ck_13648cbd306eee6d,0.0057827353568903513
ck_a5d7311291caaa54,0.018369489227456501
ck_bd26d2bef14a8597,0.0053873574090469714
ck_8129e81cde280131,0.0063131170708396103
ck_431118050b834dcb,0.0046053818008947303
ck_580dcec33ec232b8,0.015345641640200941
ck_ecf006bbc78ee3eb,0.13787232630351454
ck_acf7d65eaaa4c31c,0.0069563175528484554
ck_8ce9c5807acbef48,0.0076158302858707451
ck_c3d7d3d12a1981a3,0.012641924764358502
ck_9075432001a64e75,0.015374447354145011
ck_f99738dff854e25f,0.0037819151489678271
ck_a1a93c5f375f6021,0.0039038105834733917
ck_a35d81bcc54ece2f,0.05188869917689512
ck_f3996a3c8eea1ea0,0.010210764384046457
ck_b75b936aafac56b9,0.00290106941065467
ck_25c355da356c730d,0.0056653963504784046
ck_5615c6bbdef05291,0.11556513972206303
ck_4db95c310e105d30,0.0034455118706414479
ck_b76510998b9a2260,0.0066565179133167666
ck_90bc176c43d85fd5,0.21661203347297281
ck_4b387765f0e916cd,0.013361487873586292
ck_f11b1565f986f5e3,0.035253023429880959
ck_e5018f9418e0102e,0.031820607521082914
ck_a08f8dfadbdca112,0.0061079341705017158
ck_cdb8061d8d1a6c5f,0.015602233655175018
ck_6e8ebaea8f7bffaf,0.0019547892171040025
ck_66746d1090d6d9e9,0.0037507940607563071
ck_9cf5e88e97c8c7ea,0.017751104601454109
ck_fae7e518a585fa61,0.018410147521957094
ck_8fc641b1750a2542,0.036466921056733721
ck_c9eeab826781dc91,0.0085391190633636767
ck_95ffa1a805a1c9d1,0.0080125781849041851
ck_e839d104854945f0,0.0049672322586204543
ck_f04040a830f92bac,0.10438078224244224
ck_e8b5bfa6838e28d1,0.021873267611157748
ck_72e7b1acc19df820,0.033900012184995443
ck_fe43da07608b1749,0.0077366159857934031
ck_7e29c10d781c3b41,0.016024515651976177
ck_f56073911c9f1ab7,0.0051976862322843289
ck_68be4fefc85a6b64,0.17242016443996036
ck_f07b09879d697b82,0.0073333760556797342
ck_b9c6b32f6bd92a3c,0.022201722359385494
ck_c8ad86806b9a2369,0.08721774086175145
ck_722ac47c8ac9b6c3,0.12749772547549226
ck_d812eb6930192793,0.0015944635142532836
ck_1774faf414a5d49d,0.89705978750952564
ck_7b93a622e40d8b14,0.033547438175078291
ck_39638880292782a7,0.0082030455132465346
ck_11132d245b94d045,0.0076676182109303367
ck_f736cffbdb82db34,0.0012154660230649444
ck_0e477084434da450,0.017572010621261531
ck_ea819e337233475c,0.22084049271077574
ck_c6b6ebe145a8ffab,0.05580636173956377
ck_0af3c13ba56ce57c,0.0052076784040269025
ck_cee8d42475a0f020,0.0064387810321326899
ck_748b3ea941d8b3b9,0.017750701298107803
ck_96c3a3517153390e,0.0076953043954457265
ck_de8af660806b97b5,0.015842887992658664
ck_2951d76c41de2569,0.094842768451153331
ck_35fe969c58b9e70b,0.1955462430257201
ck_59684167f9c6bf4c,0.081140638960613201
ck_1645e6cc53fa99ff,0.0074969829221165005
ck_fa04ac31e596e7d6,0.0036839769879095769
ck_ace21f6daef94f6e,0.0075080669077392621
ck_1cef30d08f3a598d,0.0062017683934609954
ck_cb61902798ecc4fd,0.01173983954464547
ck_9ee044b73943a90b,0.007468218552302325
ck_f538ab6aecf2adfd,0.0026924971783180585
ck_c2608f78f6851d10,0.14619569294404888
ck_cf49b6544aff6c50,0.24690515077214445
ck_f45bad1606fa00a7,0.0079067176229161585
ck_863708a99b92ef0d,0.018731928710871659
ck_7fc9a0776e1339e3,0.0016527231114998645
ck_320df984791a1b99,0.015083932989347879
ck_6fb2d142c09ed3ed,0.016462477364404881
ck_3e47f8c56c811700,0.022049907784353066
ck_0add2c321d579d75,0.022965177636214147
ck_e4c0fc52c82065d3,0.0060663396910006825
ck_ca68dec0c7df5a12,0.0082619337066596622
ck_ae3a763997f8f385,0.023767704270785103
ck_a38bd07a5fac5c9a,0.010086431716362717
ck_a73045e96af0e4fe,0.0216534955809457
ck_f29dbbfdd2786bd1,0.014920793905268397
ck_a7331e8b808c39aa,0.037754395941001016
ck_16340be3f2a7fffd,0.0064937374833251831
ck_b129261da9c3c3c9,0.022030983511053835
ck_07840bba5570785b,0.13179111535128404
ck_abb056a9deab275a,0.020280240910195237
ck_126531a9126c17c4,0.0021874473182738798
ck_333a43ec339a04cb,0.03413331546674149
ck_34a6bd3be642f15c,0.028421413392606849
ck_9c46711b14d9eebc,0.0085644230152472928
ck_3acccc69f8b1fd14,0.012954711108337345
ck_74665e1209140ae8,0.018941379650333216
ck_670dc4910cf476c2,0.0055056222836345065
ck_7e2d6b22a0ae20c2,0.015338674551507329
ck_723323f6870fab59,0.023890268266869498
ck_c8affb27ba7fb5db,0.04930598897450203
ck_e5f8c8a5824db594,0.020504538852076752
ck_7e5f02b51b9f78bf,0.068677132529040008
ck_b7e25ddd41514d4c,0.0042770864881306429
ck_0e0919292ad33472,0.66924284137133783
ck_e35a4b4a3cb4cedf,0.017412742437387829
ck_65be698386474170,0.0064363138395125983
ck_0cf220816e320ac5,0.0031195777743517469
ck_0308e0602b856445,0.0062019089592368366
ck_5e1b81848718bdc3,0.0078788304879049247
ck_2085433978e72ea9,0.042508203812672167
ck_b5e4c6dbbed1b773,0.025414592421572811
ck_eb9f0c06ee017ee5,0.01248464755888324
ck_30dac0a58c5590cb,0.048468058909654554
ck_05e01ab9c95449da,0.0095732500776189843
ck_f409ff994a210601,0.046394661094695686
ck_05652e8ace6ce6cb,0.005376755999703808
ck_f4ec4a935e51b4db,0.015136026700396488
ck_df5aedb4118020bf,0.80493216237204246
ck_1dcaa3078dbb7571,0.0042754977069248412
ck_47e1032f490bb018,0.0059623436511049843
ck_5ea89567dfe78e4b,0.011336645097699887
ck_1225a97fc413a419,0.050543344994187452
ck_2296d7a563424883,0.0045783702406686916
ck_57c07c45269ca8c0,0.021186297514894793
ck_7df3f8f4f1068d62,0.0090988503998398369
ck_558ebde8c29132a4,0.0068816923493773378
ck_2d923d957ffd4d53,0.015554095609143181
ck_6ddb55b1f23c6cb1,0.018146146941112357
ck_93470896f0804b6b,0.92176321290503704
ck_556c62e92d4e7e5b,0.10288714703089789
ck_a059d00cee5cee99,0.0060551834422480025
ck_0174d76398d9dc0f,0.17860555682418144
ck_49e253ea12f4e922,0.037626028596184115
ck_f7276091bf513d22,0.0021209688514448009
ck_d321249fb065d2fa,0.053484250115517371
ck_e0403d507519b7d2,0.0098930284236739413
ck_0f3de7f074bb33af,0.012042189629696335
ck_bec8324a3587ef04,0.0034788243661852134
ck_a3c25d6cc7478068,0.01732741410830884
ck_2ab7eddee2d8c49e,0.0041134742442954977
ck_e475a3b8ba870a7e,0.0049862425738637041
ck_9b2b0e286de78a1b,0.010521150815632822
ck_5cf67a3a747e684d,0.25025326594597636
ck_9401f9e11f65337d,0.019648151123569525
ck_a0e5656e1cf9cbf5,0.0030855038302746163
ck_398a1ed77b0130e5,0.016872030704372286
ck_4f5d022c99f118b7,0.022185745108847698
ck_630530e50764f229,0.01439968186910222
ck_5cacad76e02c8e3d,0.89433644182751293
ck_2cee2dd7bbfc09a0,0.90058703128200079
ck_9478dfe4114c30f6,0.0033618477812264133
ck_2a09c7aa870edb6b,0.0058184343029546899
ck_d5d225ce41a1a762,0.007207083473230548
ck_76091f357974a152,0.012645918735454915
ck_26cfd7c3c6c7bf69,0.003992930779040991
ck_8e54386f4fe22cad,0.015025634989470548
ck_22b52654776a1ea8,0.60055899691014158
ck_822d6e8e43befc72,0.48558616787664305
ck_15eed0f5652f0352,0.0041227056903683276
ck_6bc351a3d57aac54,0.0064652206191333729
ck_bc736114a31088a7,0.0083498928053631384
ck_002cf760d173f0f8,0.011193991219688275
ck_8f8e4fb9c6190272,0.002054432012795893
ck_a39d0bca345b492d,0.020645495765819435
ck_216e87a41de22b5d,0.029972375857140882
ck_75296704f5806f56,0.019031946792748326
ck_2bdd8616870e5e1c,0.0038990049247228822
ck_798157bcdb9453e1,0.0076098555076093474
ck_9a1e3ec9a1839939,0.0094238295757655549
ck_a9d994554fc14a02,0.0017725187803090724
ck_410c3e13b48e0415,0.0043456377738640764
ck_d4febf0083800424,0.14762723098925795
ck_9527adac182abe57,0.11373121645023
ck_4087065be2a45ad7,0.15122982707240257
ck_c0e8560ccfd9dd9d,0.004989183175875482
ck_8d87658a6f5d204c,0.58960055447706938
ck_d973444855403e2a,0.0050367684374031611
ck_64eefec062592c43,0.0096013948456269912
ck_5b86fd14e85bc9c7,0.56315051128795901
ck_ba175b1bd8efaabf,0.034786171871198299
ck_7696e38b3e4197b0,0.0043763749124412742
ck_51bbbf8f8e8ad005,0.9930480749062417
ck_df935d8bdd44883e,0.0084679442087341097
ck_a0714f98001efa0c,0.010308503070041124
ck_8c9b57ad2a991416,0.022437296845077941
ck_c8c1bf16d9113493,0.043420730174366963
ck_b89cb90a420c9075,0.016081782283219669
ck_f0424b3b36bdbef0,0.032940240176791237
ck_8e89ca8b39f3f8ad,0.008173042469767678
ck_9c5feef7647b0588,0.0070593297756908211
ck_374865697f1480eb,0.023893201432643431
ck_0229a07185f15469,0.0067799489260992312
ck_4291fd9c1161d8e1,0.020395301610488137
ck_61a59a7944d6c53e,0.22892645779935517
ck_f21efd504faa654c,0.0068019477013984576
ck_64c1633297f43788,0.0092430307952967583
ck_991c4c924a1d85ff,0.81929833298217436
ck_2dd39723c4088b64,0.0043776404818711354
ck_65f76421be648549,0.0066790889285696271
ck_1b93381d8eea58d1,0.012851966521510228
ck_8572c5f5c1447c62,0.02492808944955071
ck_80b8fca67a14e0be,0.075734401754196046
ck_45ed5ee496ef8a67,0.010905550988462919
ck_36979996f33498f7,0.68297765259043808
ck_219bef979ee21bdf,0.0030671266845701132
ck_7a6cb27e390b6ceb,0.012777368951846746
ck_d07485ba10514a2d,0.35598998050115133
ck_81e21354e477eceb,0.04316217618833143
ck_df39e3b8a9fd0bfd,0.43069015007219152
ck_49839e761d0e74e9,0.006464610395905861
ck_9d7b9e3ff1f3e71e,0.0033581155424131444
ck_f63cb5e8cc702bad,0.012208040845764871
ck_cb856e75c949b0cc,0.0015464026075227596
ck_0fd9312411b0ac55,0.014542882595884665
ck_9affb0f26776b642,0.0048194420574286471
ck_c417d06f3e94685d,0.0063761225864668817
ck_6c2453229d608183,0.029894914377062671
ck_1867b1199c864db5,0.042281657104088322
ck_8398adeaf41f9cae,0.0090326814986585284
ck_796d3eaabc667c23,0.99337468664124762
ck_b4d55bc809000276,0.026849712582278196
ck_839bf139296b5cea,0.026538490937347309
ck_e57b94fe57341058,0.014211139748628523
ck_8ca808cc5a49cb5c,0.022622450169850192
ck_f4ec334be5266378,0.0057252654431239561
ck_61c3e3e277629646,0.010507428777516842
ck_483fb981a1fb4317,0.0032056819814527938
ck_71f382d5e338daa3,0.0048342706362907509
ck_124a197be41687f5,0.011964124273494038
ck_4e4f99102f6938cf,0.029893288667535767
ck_3add4d23124c9290,0.035459861192387213
ck_5c3f13de0dbd5086,0.01122514530338951
ck_921ff5ceaf40a968,0.046398852862968826
ck_fb0c138c003e933a,0.0044416658619196442
ck_5177fc7137ff26ce,0.0036665627845367675
ck_dfd4e79aaa967b63,0.010494608575826465
ck_850ec97a5a0dab9a,0.24261869489073196
ck_d1a1cf4cf61d6801,0.02349511601128746
ck_646b15f753e5e9c6,0.023783896014135095
ck_60f4fb44f5efe3a0,0.0038726206265575431
ck_b53084ffede19a8e,0.0025920147564496661
ck_5b16d67c5ea89930,0.012146589142070624
ck_a4ddac49657a4450,0.022388726021702769
ck_f917c82af80e4a79,0.022375509394114645
ck_b87ef4b98cfcec4c,0.016284016628773157
ck_877c85bad118bc62,0.017231450741427533
ck_42317c3eabd0a285,0.40330922111627571
ck_a5bdd026fa9c50fd,0.0064180648154688151
ck_7c88d3d377bb61bb,0.015744241520642736
ck_9acd98f4fe2d474e,0.070361905237363395
ck_6d64193681d2a94f,0.017320810788468942
ck_991b7dfd69098320,0.0024567398008335101
ck_c5ece5ffb8800ad4,0.0068523345738585725
ck_ffe91d6f0bd93fc6,0.031699477012774473
ck_14f9535e53f9c7a6,0.031686689337221643
ck_e35b2ed08b9e55a7,0.0061674797014461338
ck_3ad6e7bf452c9b21,0.011911449005365064
ck_ad8cbe6e27e47ede,0.023723366459148999
ck_29fbabf855cabdff,0.0039763799408515949
ck_700cb620f300dd47,0.0066127917359068977
ck_b1cbd6679c0f8d95,0.0058566686073691296
ck_708fea345f68037e,0.0018367167117589152
ck_b08247c3ad567d92,0.74019092623352056
ck_25fea39897f2a559,0.0096496017147632944
ck_9eb80edfa43203de,0.018556030516821115
ck_6cbb011e0c70bc7c,0.0030721219024516582
ck_309a432c160a17b3,0.01105946565056621
ck_e949a0f4df0b3902,0.13361589387705897
ck_4b123d6931b6d0d7,0.080342541802564227
ck_13677a1957078827,0.0046751041533913407
ck_243bd5ca8c4ae5d0,0.004258425511481697
ck_360237c1bd30f4bd,0.0046663162988484046
ck_b17c239f160e6017,0.0079863587964037371
ck_c91a628236baf91b,0.146290798185019
ck_182dc4a2f5a366da,0.0039530817362745697
ck_9fba80f56f357fe1,0.003781558284110721
ck_c1c5ea839c58958a,0.029455212896200289
ck_6a0684436a1e66c3,0.36162160801817211
ck_63d2978706e193d2,0.01276351028793026
ck_8703543bf3134306,0.023454828672820234
ck_d79bdf04d6f31cd5,0.0085423820575069049
ck_b0d33b5a3716661d,0.022522023027521588
ck_bce253d2396681a1,0.0093859342500619055
ck_9be551300209fa83,0.010188473386131724
ck_ec3d12848ced99f2,0.027624455646205852
ck_ad305286702b1958,0.0029019985909456225
ck_96c7d52ba0a766ef,0.040036545932662704
ck_e1d5ad20c737c745,0.019181236500649304
ck_7429b3f87528e335,0.0072114051011422826
ck_cf606fd6ebfdf9bc,0.028011455864324603
ck_878522cb775b904c,0.035613471412254037
ck_218b7e6e6dbd2da0,0.0038829956260760094
ck_1dc23dc870f1773d,0.021221773287210966
ck_fac046ce336fe39d,0.019236126685855906
ck_0d846660c7957a88,0.030592310915569361
ck_6821459b626d492c,0.012731082676530885
ck_dc4db8b932df49de,0.053669285057327182
ck_c49832eabdac5bb7,0.0016143777223570346
ck_c3e37a4d3382c32e,0.0071995743553383701
ck_68b8b859a6ef505b,0.028814554573389772
ck_8d501a0386c66be8,0.10822680960710075
ck_86b853c52f20fef5,0.0039840199659608227
ck_15886fe84866de92,0.016094871311184925
ck_92de019e05971ce3,0.043872214021171814
ck_af7ffd1a822460d3,0.28543966215996186
ck_917d82c552f95a23,0.015751265025961074
ck_74e5dec189761d14,0.0067544880643059194
ck_54b374ade34e1dc1,0.013480743226729257
ck_beb97e498e6cf8e8,0.027317732717702797
ck_a96aaef34173aee6,0.026021401653800152
ck_79ffcfee599d77c7,0.013670783016836486
ck_322ffda3332d08a2,0.022260092093469405
ck_3b1d7648d4580bef,0.01410949881595637
ck_6e4b99fb9725d9fa,0.016565385280866641
ck_893b8afbe11301e1,0.0079171482351043272
ck_56b992c6f136fa5e,0.018944431081103504
ck_c624b9063400fa3a,0.057267440101754316
ck_bed3e3db135b782e,0.0070102978020931267
ck_5d038ecb3c8748a3,0.0079760571122967638
ck_77fced07f6dff42b,0.021612783077983044
ck_05d81b1a150f31c5,0.0044707239192952383
ck_285719c77eadf915,0.0037053794599815762
ck_664b5e02759f985a,0.0019531794902873391
ck_eb48c0bcd12ea654,0.016707929500756953
ck_1bcff399166d7c43,0.0038515001012122182
ck_e9e3381d5e0e5051,0.0046679351379427881
ck_f5f87f772388efa0,0.022322836509120488
ck_80b072b7f3c7e8e5,0.0059023706206674529
ck_386680372fb54857,0.0065235969826824948
ck_d98934f9fe0b02b3,0.0033708511828288105
ck_283c5bea94b21e80,0.0058513335264423665
ck_8dbaaa00ad829ca9,0.025249722734349889
ck_9782c86ba6485f88,0.0034656618303991315
ck_83a69c4a5d55ef19,0.025756007501100291
ck_4fa85cebf707de2c,0.0026845972744760573
ck_ce1500a7f0d03fba,0.0033604248295263277
ck_73d60b4630e3937a,0.010655405431299385
ck_279d43303708109b,0.010643050510558746
ck_64ff60c073fdb6db,0.020599960263263807
ck_d5c14e877ca7b755,0.010966924700193231
ck_7e5401c362b2216a,0.0053517043136136399
ck_064b2aa3f0bfdb6e,0.0094000338548697118
ck_70066eea13b4c34f,0.006320034312203915
ck_f0d349d68249d5db,0.006316449112057706
ck_86bfe328e0a533b9,0.85314817298939127
ck_18f67c00ba21fbde,0.0088788893394167977
ck_72fdfc7e6d8e1436,0.011672763215431117
ck_75257ca7d7da2861,0.037660013394303242
ck_a0c3059a959ba5d1,0.044014468643082075
ck_52f641c9ee6fda70,0.0063771307262782476
ck_7c6b577174af7a78,0.0049254538681842638
ck_52174855b243a8b0,0.10321530320718636
ck_c12805fa5d970a83,0.032534150888351737
ck_0406931800e0e2e6,0.020707879998755625
ck_4b97d19ed946f503,0.0085267147752278449
ck_87dc484baaf5a23a,0.001907715208509387
ck_539cb0d117db8cd3,0.19036234368943761
ck_09f8f51bfd2492c6,0.018622868466448957
ck_05c4dcbb45de1f8d,0.011639876392412901
ck_37139b41c5370523,0.075657823035110164
ck_ec094eb1cbb3efc5,0.0045771556025208642
ck_db32c95ce2b6f502,0.93126355282995821
ck_7a02ee1bfba7353b,0.019155176964384187
ck_571dee4f3336c7ce,0.013488125829346494
ck_c3c69aefe7ea1d2f,0.01121436238093943
ck_de05f97c3d40dd1b,0.04425353545036316
ck_823539d936c55fc6,0.0027095763855244604
ck_97e94708bcf43563,0.0084202310362467697
ck_71c68dfd011dbbbe,0.45189124607988707
ck_f5791fd8fd8fd191,0.0072461902815165406
ck_ec986285fff05b7d,0.0057677469306622372
ck_da3526ab6c5c884a,0.061471512483374229
ck_f9197b070416f443,0.0038771570983280341
ck_4fc6256e0e60a926,0.040562695660307888
ck_9c0deab8a8367c5e,0.0019666017458864625
ck_f34fb7ccf82f41e5,0.0094982071061246384
ck_777669e2243204f2,0.82520460690479336
ck_d3a2a4c011fa2554,0.092186327736207163
ck_ac84b33304362c06,0.012260674890020772
ck_16af4be191c47d3d,0.0023583050917543097
ck_0446920a1004c596,0.0054736435251583684
ck_0c6a50d747593b7b,0.011741566664217103
ck_193d9c87ad3f1dad,0.0020539217550063246
ck_5b8315726f6204e0,0.013377135228847967
ck_f7e53af3c91fec64,0.012252781473769611
ck_e679fbf4f4f4aa07,0.025205520229799674
ck_59a14d2564193101,0.029057261389156704
ck_0e9ec486bff403c5,0.030369282671793906
ck_f6b7a10d47dd9a1f,0.0046524844168027296
ck_4b4d99e443618904,0.0090634781342334107
ck_4f05daf1cf0d5755,0.013931647183551667
ck_64ac5e6fed86ab60,0.96569786373645328
ck_01ac687ce0d696a7,0.019862120170544059
ck_5f9a7ff990341bdd,0.010207601494686457
ck_010d0c2e6c1657fd,0.03919752483973301
ck_4b2e87d86a5e415c,0.023540614440309946
ck_66f9f78d4c6a3edb,0.020664245655583655
ck_0b1d84252c0b46c2,0.0024712760731188683
ck_68b5542459638b56,0.035354970884239424
ck_62967b91504149f9,0.017096739168325728
ck_f99bc1732ce5e999,0.053142170971075514
ck_c2017120b3b88a46,0.076380732643426735
ck_f7ff94c3df5ac874,0.011421066654278949
ck_25382331551d22a5,0.033602217300498449
ck_703b41624ae6a5b6,0.0039606726325758937
ck_e2c66c72cc0b0f78,0.12704624114467733
ck_28ac4c5134cb8e77,0.030504142935700806
ck_168c96a1a636ea15,0.0096368064441945799
ck_39a81899dded61e4,0.0057847948656536202
ck_94a096c36162a153,0.0096860445476456974
ck_ee535461b5f05539,0.33789921767064052
ck_59c29d9c57b4f994,0.028603781465597541
ck_8982888dd6611143,0.03077874758588954
ck_60896cdac2212bea,0.08926497565701727
ck_aa188e5c25f7f42a,0.017296575275559809
ck_1f56fe99f250cdf4,0.045738814288895348
ck_d0dc156441fcfdcb,0.018481891541036438
ck_395f3bd4aacd7ca6,0.02206764993736611
ck_5576b725de38d106,0.0088297087324595985
ck_e2d1f212f259539b,0.006982796726475277
ck_3c3a1a1365741bba,0.014253584351940282
ck_4f325dd15c9bd45c,0.025174009607015477
ck_66f0945add423e9e,0.027043894628292466
ck_a74f6a3030f5d495,0.026759203497588268
ck_d9ea77f4114a389c,0.0033594281136950428
ck_bf15a1f8d67a30d3,0.0097881590155633885
ck_bb643194d1cbc47c,0.98572343878279112
ck_80e5ea27848069fe,0.0029595889415807044
ck_635646a661f05b4a,0.032298633925630246
ck_bd80546b4807dd59,0.08855791608270297
ck_63743141ffa11f45,0.0069148019590917122
ck_0b8b7c5c581fd161,0.001641764551185526
ck_79d62ef181bd0cd8,0.0066243217474214258
ck_562c76a3753fc7da,0.65889492382060466
ck_d66bb1f063357f99,0.0083198105517387627
ck_89d7bfc81c3df597,0.012131818306379445
ck_fb0cf32c4a56f740,0.024475501041052804
ck_6c679602a6476ab2,0.02460516556891211
ck_71b37fe47490b4ba,0.0067067504084589464
ck_494ec63c5ce8e150,0.0065549706045805508
ck_92e474e4368c4791,0.010207774344971724
ck_2d3d6c9364362017,0.0027152496407666189
ck_354379de065a8ff8,0.005696122391379007
ck_f7bde7265053364d,0.0081639017115124508
ck_820219bb9c761b52,0.080114198183242669
ck_a5ce2ae36fb410d9,0.0021956233059613525
ck_ac55dc6cbcdf8228,0.0067717707233008895
ck_f34c93a8173555b1,0.012940285417055433
ck_fb3b68b4424b5f92,0.032491246790459102
ck_d3f44bbe2f7e9b2d,0.022069290586983023
ck_dd9c5f0c42878e67,0.0097659642532176537
ck_41bc3efa0fca700e,0.036747724822646023
ck_4d1baef193cfb900,0.024976677516106955
ck_aecdc5a96321a2d8,0.011485514738532319
ck_e7c8a9e4641eb9ed,0.0042471698959574873
ck_f2350bf355dc919e,0.026017952236122705
ck_bc61c59970f8de49,0.015866226766223498
ck_389607982eb6b701,0.78629756612957302
ck_ace6b72e5bf3e93b,0.034588344695624676
ck_2afdd69094c955c5,0.017301302970789086
ck_fc9f16df35190eb4,0.2820725226401043
ck_c43b4175fc9ac5bd,0.63903444835081025
ck_1a4e5ace078dd782,0.0083109858212450354
ck_232325ef6bce92f1,0.011414014062613331
ck_51c50c4c443df31a,0.52312393044122474
ck_126a82e8d42e5ce6,0.0053311800860409665
ck_caa348f0e65db062,0.95098870100364041
ck_a6f61864fac3c8fb,0.0057468893354801417
ck_694eb6c43193afd4,0.041306402480144916
ck_d7792b429620fc24,0.0076775070180790713
ck_2208392a9f6bd249,0.012543638571586585
ck_8ff7a9b23a55fd62,0.0052061146979906544
ck_8c5b29f6666d4874,0.03258322543935803
ck_fcf5b8216d0c18ef,0.0022608796118632128
ck_393287947b5c8d79,0.014361951712452936
ck_3e6833574edf1736,0.026236001001640696
ck_8b772caed8f1541c,0.016982966879200652
ck_e914974cee1bccb1,0.036384678624638678
ck_4f1e962ff8a29732,0.0078104597477493517
ck_f6923088c17a04e2,0.036950267805473211
ck_10f90d879209734f,0.010486287579849872
ck_3d6c3c00d854f5a4,0.10500404556675533
ck_6e8f8ef7a03cc6bf,0.016191222060898881
ck_833688de8629c5c0,0.0074589818556392018
ck_20578ac693ea4e93,0.013022508279616025
ck_43aa136bdb0a2832,0.20978375836131719
ck_09cd5c4df1e81ac2,0.18046967509195333
ck_8f4b384955bf57c9,0.0088612647228276317
ck_94b90ab8b2dfb50f,0.020444899412159961
ck_ea618f720ff0b4b0,0.0059033819828744217
ck_6c83aa1d100a7cd8,0.057370570838554638
ck_e7be077aa0b2632c,0.0052684759133836585
ck_e10ff5c38bd18470,0.0069387032697379543
ck_0593ae243a9ebee9,0.011068806270508592
ck_b20b81b88dabe28d,0.0041847706019272554
ck_2bb6a17e8eee35cc,0.073082761312403599
ck_8def763034187436,0.017936209548634247
ck_c1aebbeca6ab5ff9,0.0083084992790952491
ck_ef307a6aee38d1fe,0.60101386038787874
ck_49dddb894d33f6db,0.035649246557055057
ck_0daec63bd5b0729d,0.04171254066030497
ck_c49b685d2b3ab89a,0.0065019269749479747
ck_732d45bd578dc39d,0.013253524519122147
ck_74c3c3452e4e7cce,0.01181049404029183
ck_5986119e7d81e831,0.012111258063112838
ck_98d2f9a6ba3a3077,0.6266011799953406
ck_586001d3ed9e7fbc,0.0044257635253374689
ck_03be334935e999a2,0.011389886999767489
ck_9a43c0c73a39d759,0.01122538543680833
ck_a1c7cf63467df4c2,0.006422363283936681
ck_ad48826c1c26eb78,0.47827610887777972
ck_985c9ca112000e9a,0.02122507693836282
ck_aa06ed358e43db69,0.080421661385772628
ck_d21612d48bb4f7b8,0.0096991463300849599
ck_9a9e3dac79280d7f,0.033214859057883822
ck_8250eddc1ecb07a0,0.04904009537752381
ck_d6f27eacbad310f4,0.0094806914590139547
ck_27d69ff4e0cb428c,0.085410242071026266
ck_5e5461dac83531ac,0.034948089770583612
ck_d1bb8890081e0a31,0.023771267716930167
ck_cef2a485a77e0723,0.0058016514057376602
ck_3e24b026bc66789b,0.0014241619908032248
ck_8105bcf69a75ee47,0.0067074472265496107
ck_6494f0ef13ce44d9,0.0055078325224559525
ck_a4a7ef3ad799c380,0.021538596654380023
ck_a48ec0c00ae20e82,0.022847191657364076
ck_4717f24f2c6f40e1,0.0461175695598963
ck_54748ae0f2daaf10,0.022435797851986641
ck_ebd0a45712dcf07a,0.033385431947182548
ck_998475a2e4dfad4e,0.013318472427599235
ck_99c0a41ac9c73857,0.011464499749354744
ck_ca24bb0de508efb0,0.0096410150486131441
ck_f2b8995fe5402759,0.0042679275798572346
ck_d37d56e931105db0,0.010468452124322276
ck_e66ae4fd586fedea,0.0012195925507516702
ck_c1e7d1021ae58f00,0.0053346797845139557
ck_687ab5d5554bfa79,0.015846875394186707
ck_8f8e5e2b9dfec3d1,0.027064313456852087
ck_537cc97d0398c922,0.14892340202538773
ck_56b389627d8f02c5,0.99427561901101325
ck_48a6754977a44db0,0.017775921396981215
ck_074f20921189e7d6,0.0076659972346414165
ck_f22aacaf86a65d7e,0.046748908550430644
ck_828eef2334e17b3a,0.025982978836688597
ck_dd8edfefa1eba531,0.0046470663004041877
ck_66cd34bc568d95e0,0.023849286153244675
ck_c95c786d2f8b8edc,0.0052781424540204918
ck_bce5b7fecfb6264d,0.073912638410932402
ck_d32fbbfe32c00416,0.010920326486800861
ck_bab5759b07fe2bea,0.0072512690979362826
ck_c55afc68421d85e2,0.005370061885184161
ck_dca0b6ca93311ca2,0.026482618184051315
ck_e0571312f395cd94,0.0084033673645427971
ck_fd038a7d33a9d6e5,0.0068658767808126792
ck_ce66831f6611014c,0.0080260580231267704
ck_09fab6b9825001b2,0.0030349263517788251
ck_80b50fad7f255e1d,0.018600052265378766
ck_2a97db9377d01e36,0.0076318009546270721
ck_9e5b7acf51b1b743,0.010612507433718768
ck_5468fa99c945d785,0.0083337076451465361
ck_556786868599143b,0.021932614420473139
ck_a6d4f998dadc90c2,0.9497815159559948
ck_4d2159603045109e,0.0097257146922087659
ck_a9ca2f447b984a6a,0.0086601932656457711
ck_cd553ba6589d8bfd,0.017208009266777582
ck_830b2c5d1818ac07,0.0081813612548126205
ck_80eb91b0b4001084,0.04382818546811848
ck_730226c2d216cacc,0.026206775871203035
ck_f07e27d125497b66,0.0086046027245590649
ck_b68199ecccf2350c,0.0067415206601861982
ck_15dd3ecaa8ce0245,0.59304736536674063
ck_6dac66c8198c07d8,0.006735208436424639
ck_6b817117d87063a8,0.0209903220563659
ck_589109a188adc2c1,0.0085458708937726727
ck_bb76609b79e0bc9f,0.091230738726854763
ck_f0cbd5383bb07778,0.093106530399950288
ck_02b9f418524f6650,0.011371258128195874
ck_4e9a6f06ab134102,0.024982840451487152
ck_7334a9ec656263b2,0.011933245448966165
ck_f80af368cfc6cb7e,0.04231282903607908
ck_d74b2ead8aaa3f73,0.023514643288796811
ck_1dd69a11daa7bf1a,0.014808659163866892
ck_7509eb97c1948b16,0.015657477475051817
ck_a406bf11e48cf8c5,0.079344918355914895
ck_d1e3de178601d3c2,0.01798961341375005
ck_71044c29ef071570,0.0045057335867866692
ck_a1c88c0568f142d0,0.076814294178599779
ck_dfc6f5712d8d6678,0.1338978576760973
ck_9c56114f84e9a541,0.014397969944550688
ck_d7c28eaa05bb7144,0.0071305527868393177
ck_3a30132a57181fe3,0.039727218628425778
ck_48d0fc4f6a2109fa,0.98392286411185292
ck_c0389ebeb0e65cb8,0.0046473205292879328
ck_b4c014d5c0cc9eb2,0.0066623111357864678
ck_a4258806a533efa9,0.014334054128252761
ck_363751deae40edfb,0.16036717736808881
ck_c1295d97cdf35ec2,0.0086151967933561328
ck_648c03f9aa4e45f1,0.0077330223269584056
ck_65ed7e72f24731e7,0.0088952050631024362
ck_633e6579f5c74a5c,0.81127038765545056
ck_45cd5ef6b359e9b4,0.0042172442094359722
ck_2e679af24adedac8,0.0094353327887239241
ck_9e962f9bb0e7bac2,0.012713262150460638
ck_bef3193f124fca5c,0.12856407018480043
ck_a907fa8795cd4baf,0.0078784024926364001
ck_f280d31f54a4710a,0.028521565189430491
ck_8c582eb0f6c0148c,0.0051060818346909936
ck_4807726e797fb893,0.014128775321602564
ck_b3263e7f31aab45f,0.015276155873024807
ck_3fb9813849e51837,0.01627128195657428
ck_eefcf0ed15897898,0.0089733870855369623
ck_bc996c523944644b,0.022631978685047606
ck_74b848064f2ff45d,0.005099756440143822
ck_5f9e34c849704b95,0.0051209777952910818
ck_fc7a9d0643570053,0.0024192286044067749
ck_f437a53fc832ec95,0.68169533362241519
ck_56e6cfa32156a916,0.0046303570469178098
ck_2e1b46c5fc56b863,0.067074642136377594
ck_1af2c0b3b8d202c1,0.0079933477016735852
ck_27b07021500ee841,0.011518510204040785
ck_148cb0c723284dc0,0.0079016416560515976
ck_70b9274473bd6dfe,0.0035905079494489541
ck_fca7cc9c42695453,0.0032062992368591227
ck_8d9518f64b222416,0.020753577941195485
ck_f1e1c8491f16f912,0.0095829627130875859
ck_d36733da917115a6,0.061221055311745529
ck_a4691b57f837d88e,0.012319831883038581
ck_e738e920bbd74a7d,0.014745765858649725
ck_6d26a152f900fee8,0.0053618754941411346
ck_630c835243c66b19,0.95113570123808988
ck_e88e86b19cada4aa,0.022691319321542766
ck_15918075563eb074,0.0053271423088675869
ck_9439bff87e616d4a,0.017050783367198754
ck_993beb188dd4abb6,0.043066914488480115
ck_dff090f03ca5529e,0.0030033292679357594
ck_3baae40454c00938,0.0071701516102162686
ck_6ab83f45bf16eaa6,0.031415899418425881
ck_77fa39d3b733c226,0.092287253291088778
ck_daefe1e2d2bc362d,0.0065163395549400257
ck_f01e94331067edf6,0.015091550685550867
ck_773efe58c6278c3c,0.012975384462407223
ck_f7a7f8f5903617c5,0.011280331901164082
ck_fe037765aa465c58,0.013513093403461844
ck_29f3a1737a2d9634,0.021729025733030188
ck_7825494e654d5695,0.024627393164664529
ck_325c7643cce02da3,0.038917350719131973
ck_01e0689157fe9617,0.42877183755480486
ck_7bbe1dc8add17ef0,0.021689622523721325
ck_e0ca2c819658f6b6,0.98450186389906835
ck_2d14bcd2e0fc043d,0.0076064910336200164
ck_fac32d76ed40f683,0.0087649396337804615
ck_50df50af592b0c06,0.014613234776004829
ck_23981a3261674131,0.0091596805696601714
ck_3a4811dc4a1a891d,0.017600663693366794
ck_4874bdec79f9106c,0.01228710229766225
ck_fd84507228467b40,0.062119744356581762
ck_6a17384072f904c0,0.038110784271735323
ck_74991a9e85c3b07d,0.0073087121159953507
ck_520ec32c4f253604,0.054407673799299276
ck_ed01be7504dc4187,0.024632529863166702
ck_c6fdb2972417c9bd,0.017520347024316825
ck_74a06f347b32347f,0.030899384973449913
ck_1e7de58822000dea,0.010784209792041633
ck_cbe716f351d660d4,0.015178961928897478
ck_7560f1891d66f294,0.0030133916042280858
ck_45f4c821c70d134f,0.2733203634447503
ck_b1ff9edc51d42f97,0.0034915336288024535
ck_114141d85256c9ff,0.0030067470623796611
ck_d0e95b90ba86da10,0.0055608812417945689
ck_252b0a0f1119b220,0.021003843283553508
ck_28dc0fdbaec00580,0.19778477925446775
ck_650020c500b1b50d,0.010136740453956879
ck_e77529651c416cf7,0.0080007116828404549
ck_f0982bbdbd122f91,0.012147981628398745
ck_f439f16f8693883f,0.037621094286222657
ck_e30cb64302939f38,0.0155566510651255
ck_873ceb8004d3a9f7,0.042788369823446235
ck_db6d1c6d31da967a,0.036064646359502496
ck_8e7a32f7e3905f4e,0.010864424585902709
ck_2c91f62c05685ed7,0.0049919924579220438
ck_7f79878197340435,0.0039681423962252696
ck_23ff85f9d2355e8d,0.015016531074641307
ck_b138fc249e659e60,0.0087868237168459724
ck_b911a09f328dfd4b,0.006281096695329981
ck_a2858979dd5645ef,0.0038682601234373793
ck_f1f2c3c623553f0d,0.002469404737466411
ck_30f4b2ee8abe1342,0.024226562731741515
ck_6e8751b571ea54d1,0.012572903320057177
ck_e901dec0e09eccbb,0.006223343678828824
ck_10495d3a635b8d69,0.041439347588548045
ck_4f5d7985bcc2eda4,0.0038163554614353652
ck_7df526b2b4410bb4,0.050927165523785969
ck_4e1757d1347ab387,0.98929757989452793
ck_79b8523137bb2603,0.02122442939612406
ck_891530b489ce402b,0.01188462847545069
ck_41b954c7a948c060,0.020281262180069228
ck_59a561f3df01441a,0.0063830609563068344
ck_96e4d38ef670eaff,0.0066059571847902326
ck_eef67f8dea702338,0.039223036676819568
ck_73e24f5a8da289b3,0.080853104622558056
ck_52cc2fd5095b169d,0.0094889743394942147
ck_dbb498b1a346a402,0.0069383985918848555
ck_f253130dc3ca5b3c,0.0084668850732110557
ck_942dbf632591b65d,0.011374913268232331
ck_ab4a8d02ec3c0fd7,0.0020428022620466429
ck_7f780f465c29398e,0.006559328893594207
ck_adf84b9df54c3d80,0.025827226354447397
ck_1b1df006b81d38ba,0.0061749285432890766
ck_3be72c9c178fa00d,0.018941557823298934
ck_ee387f9da79e67ea,0.019479319545773161
ck_731869a0c39cb2fe,0.023439635322500832
ck_f2b0e7a47f442557,0.72413703680410868
ck_4bc42878fa180991,0.01242637334247767
ck_5f3609511443e5a8,0.0096588961718758904
ck_b354003302b272ca,0.0061127676031347868
ck_1c771a7c78f6622c,0.01448416653885954
ck_466dc6274fecd708,0.0047682120899592197
ck_89c74feeaffa7d09,0.0055267365057195868
ck_1ccdc69d0bb712b4,0.011508775420013138
ck_b22e3337b8e3dbb2,0.0061886878369002809
ck_79c7f0d29b1db1cd,0.035938248962144426
ck_84df6770549e43fa,0.0075336870248830668
ck_3c6417a233c68c73,0.022734979848886387
ck_f7485cba392bc294,0.32361899799131477
ck_46bfb2cfc29a6d2e,0.020671973393479662
ck_e4cf189a8d31649a,0.0042108939062138924
ck_770475876d0e7e6a,0.024105575760396902
ck_c2b61a98d1c8f6dd,0.86019967162949151
ck_8ae64df60ab6ccda,0.048451913984843817
ck_507e40760a24d2d5,0.021971638780369028
ck_a1e77090b1c6ccf4,0.035782620354002245
ck_09aadb4c41b166f1,0.09873975873371349
ck_604c17cb97dc89be,0.13206638737449805
ck_8d94fbb4828ef326,0.013792160410693102
ck_17c0a6a92b5765cf,0.0083541110208197201
ck_ac79c72a8fe3fdef,0.10687063182254652
ck_b8cc2df5192bc49b,0.028129579392581601
ck_3132857aec8485bc,0.0019007753606358673
ck_b6cb8d6ae828eed1,0.027218278501480685
ck_2f82ea66c4f53b33,0.14626252097685516
ck_1de43fd6c6c22a5f,0.094431045268651009
ck_0348cc6908f7f3af,0.0037362235061069306
ck_6e676daa4855b58f,0.091631934066233489
ck_2a37fef48b44e9c8,0.011070427272159908
ck_bfc2a57d8fd1610c,0.18272587317079367
ck_c1c7d4e62c9fcded,0.055494838758506554
ck_36e72ef9273e7a95,0.004661412455635173
ck_ebd178b3f3a9c50c,0.029141157685369429
ck_c89b9ca398402f1e,0.0040099400004922018
ck_bba413492dc46f2a,0.014247948960141258
ck_e971faae8a10a260,0.0061347447150442713
ck_7e6569a1b2455cb0,0.0058741115335492035
ck_744ffc11d32b96bc,0.018049255239702064
ck_435cb24538c6f77c,0.02109894293729541
ck_411219470d0a195c,0.010618320600048988
ck_6f730b77dc6cdb84,0.016516463137823248
ck_aa4ba931dd37481d,0.0031122917338334325
ck_aa59702537557ff1,0.17498033729640206
ck_c58d9151834f5bad,0.014677731726827431
ck_3a0e0200cbb185cb,0.05573427020935845
ck_c98b16f9a72a6568,0.0051880235126694442
ck_e5cdbfcca2456652,0.014798038103727283
ck_ff45764ea7d6619f,0.016550428766515989
ck_6ec39903f765956d,0.041645659952937217
ck_9e17699baa83d173,0.0052918763421936597
ck_1fc98436281ee39e,0.011272311514036664
ck_76ebeb5aee42f041,0.050201764495168402
ck_562320295fa35875,0.0094595871547435133
ck_84c402b23766e1f2,0.010146611544409087
ck_8d0532d24f1070d1,0.0021741279359626352
ck_32a495128395fde5,0.0040356501158417962
ck_f067470743d3c7a2,0.051631186787761817
ck_28dde633692904b0,0.037914498683004956
ck_e61c8721e3ef1921,0.0047320395255047954
ck_4e333c09f0c37dee,0.054217570069784685
ck_3d58628d1c853c8a,0.062067086152004264
ck_3265442528d51728,0.21966593188974587
ck_cb1c00c300af3f9e,0.099537642260668441
ck_7ae86b5a885affc3,0.0057550374616589708
ck_a50370907e6b397c,0.045023498320927835
ck_df87d6f61a63eb21,0.0097504143608868853
ck_85bf21aa1a00452f,0.0066681050464469354
ck_b9f1465d803e57b2,0.054670975746354288
ck_91c2a5fe69b9b1d1,0.024789828574485469
ck_f3199fbe84a28b9a,0.025306151606415892
ck_ec3eb6dd0967cac5,0.027461800751255597
ck_5124a2e415384945,0.051895275630607501
ck_073509af21dd7f5f,0.32067619844495188
ck_617b65141f546a1c,0.0070060980964625069
ck_fa4b60387d744fc5,0.0060808040578121903
ck_98068c397d70dd3a,0.020862516537427364
ck_aed2681e1646a0df,0.083165584542139015
ck_e98429675b46272b,0.0048529188577664667
ck_b25657bd16739036,0.013356422574971168
ck_75217ee144b715f8,0.053099577432585615
ck_b359192aa659bdce,0.0096956927251731807
ck_82181b935360dcbc,0.98163005427380967
ck_52c0ef68aa2fb8cf,0.0096766455559957401
ck_06f042e9b1b662fd,0.028176775336796033
ck_c0b5cc3e8ad2ff44,0.066172454479865306
ck_368b968b5f33431e,0.0050653016700541705
ck_6e44024e9de301c6,0.0019300749376870033
ck_f5e02a3432571b20,0.021790941978626563
ck_bed0c020b10afa3b,0.012192618435472816
ck_7e63168dda612235,0.004581066280266769
ck_4c25570eb72711b8,0.0054411178730082461
ck_58955542edee1adc,0.038467066325688179
ck_06d0e4a9189302a9,0.0198703867966737
ck_f1b80b821a20186d,0.043391193764655084
ck_b5c93e6d34f8d366,0.0052146411295886774
ck_69587a134d43a4ad,0.018796710259618103
ck_70a932ab39d86a24,0.0052732171167814328
ck_96100d5e8e051e91,0.013243026620924176
ck_b26e4ae47c9107ed,0.071228708263078103
ck_492e4b89c61b7b6c,0.0083110555143051865
ck_36d78ff3bc033ee5,0.0086534279378770763
ck_9c9884b9bcaa552e,0.10933947334857515
ck_cfb11a0a2325bff5,0.0025003995523692813
ck_598e036a28262aeb,0.074898501215296107
ck_8176616132458c0f,0.0039172528207643623
ck_4becdd3d2696c7ba,0.0092814767136318362
ck_7333cedb61506ead,0.012684849751946109
ck_a69ca7b9d70972bb,0.0062254559678780541
ck_e032068be7b77d15,0.011408524901145587
ck_02ec4e06709e6b82,0.0052071226872741471
ck_13cd943777651aac,0.022114189156281494
ck_29640fc2fe81c251,0.28221974735797672
ck_00d1ebc31ec4653c,0.010399384652203159
ck_7c872c99481c1e9e,0.024776611492048177
ck_b1dba768dbe7affe,0.061657795710681695
ck_7c3a6a82f3c3241d,0.0046195888144177702
ck_c924f36bc1bbbaa3,0.0098528872593282926
ck_0a2b7078736b4dda,0.0027988413958457614
ck_5b5dea6476d4e182,0.013894003833409049
ck_f271e855925e8d6b,0.18494141057083571
ck_97a8dac48dd62488,0.21057546645188641
ck_63133a79f23e2627,0.029349821209577714
ck_9b5ec0f78e160e65,0.0049249890416049828
ck_7264486eb512d84a,0.011681648879846622
ck_a50621b5eeca84b4,0.003226290356922127
ck_901d820e0b72abae,0.0048456308546736011
ck_9d1a5cf5a3b87e48,0.0096973976394282638
ck_e291cc60920456d0,0.021619331088353656
ck_755010362a9b1bc4,0.0026416954035481544
ck_8285bd3c90af94f6,0.014859355864580908
ck_a60388296a47062c,0.032431027180682512
ck_d3d5b2717cfc3913,0.020395095086715897
ck_18d214b1418be39d,0.015173334455114474
ck_6d64e1c07b19856e,0.005471578956746965
ck_0a993bc947bab61f,0.027399663118215012
ck_7501ebbf4e21f160,0.0091185399702823945
ck_cba4162ef29a6d27,0.0061544437786573642
ck_26bd0f8898afc8ba,0.0089118997156976687
ck_0a0cd7f4be606a93,0.028728324425068751
ck_f2c7a4c50e2ede96,0.029958143479184678
ck_50d0bb7edd8c69c0,0.026544418657206654
ck_5791f8f76a629a4f,0.055764840015467512
ck_0bf35dcf7b38f650,0.004502402791350656
ck_646dc03de4c31803,0.68185290794965747
ck_d4007b5b26d9d854,0.0024548272405631693
ck_943f66f28dd24750,0.0085414352470449262
ck_984dd7452aee372d,0.12521568321123669
ck_ecaa6de0aca5e9a0,0.060983659331635798
ck_2225b555aa2a42ed,0.031086808328276976
ck_f11f7691af16ad07,0.0016015353019229862
ck_57849e15b61c43b4,0.0039971825063361988
ck_e6b95ff91116a592,0.0072343492132199358
ck_184983177b73dea5,0.011951463066303313
ck_3bd12d468fdc2450,0.0075128931206328211
ck_08c7bb0f9851cb76,0.12244480835127498
ck_779581adb573261f,0.01535140742426986
ck_02d4cef6358ad3b7,0.0055951028099373145
ck_a60a61ac829252a0,0.0094197232579898739
ck_942b95988a6245a6,0.048111878396567068
ck_6ea70950c1cae00b,0.98220755375316604
ck_f823407ace7ff064,0.034114607617189902
ck_7c418947124dee8f,0.061507373850219295
ck_bb0713a2a1d65982,0.01005465142630815
ck_a85182ad90b6f1e1,0.0027137251946085369
ck_e267999226b6321b,0.00423865144566965
ck_4ba8bec14c2217e1,0.0075963067545343575
ck_174be2231c5fd2b6,0.002760591074605306
ck_610815786d729d2f,0.020875975902982336
ck_e9b75ed7567a3f23,0.029380223349771684
ck_7c5529bcc079600b,0.0098649220890096243
ck_5d16e257c0635f7e,0.35664915646007
ck_c830f3830875b47a,0.019071791410227641
ck_2caf553b31831a50,0.021910412771518346
ck_90696b7182dd9129,0.01282966560428447
ck_38e4a74ab256e2eb,0.013667060357029439
ck_cdcf6671b37c9c92,0.013451021997803979
ck_f0c18cb9f951a71e,0.012428645302226347
ck_d61d97b21002f3e9,0.033257884793485078
ck_cd09375e6c81d2c4,0.010371587368195294
ck_a79a27767a02e31f,0.020392922575424501
ck_0943e0f305078e34,0.97935626814285703
ck_fe3b67041dad2dd1,0.0018861054737143888
ck_3420f2fd520890f3,0.13092873019085388
ck_3e91dcc209431984,0.010332560278578073
ck_e4d6dedd97233c07,0.030924769296277986
ck_19db0bf788697c2b,0.0052096196471388048
ck_4221e07b17388fd3,0.11104907336291588
ck_5e8e857b63966609,0.3882263339718367
ck_c8806749e263f70b,0.0028877591098640416
ck_233a487d31c3e631,0.99518270450127344
ck_e2a2ce9b8cf44c63,0.0038833317728534881
ck_e6c8611c0cf233d7,0.0063577012467770245
ck_4fecb87eaffd5cb5,0.0058486978811567994
ck_f91d48c40337d375,0.016183455705728961
ck_79c30169c71b8033,0.86426852062249493
ck_b0ed11080076e381,0.0070219092883899784
ck_bd2545c62f258231,0.062183548537985592
ck_d69de468b44143ca,0.0028223396500756193
ck_55fc62a5f89a7251,0.018293315462153025
ck_c16ab1e4dafb4910,0.1254034958017623
ck_069d158665a53909,0.010603343302633742
ck_ee4ff3aeadf912c1,0.0076512733081694172
ck_ecb1e15f0b185ceb,0.011028098203455705
ck_e76db7d2562f9836,0.010058078983706321
ck_d1d079913aa158bf,0.0075313421878833425
ck_2cb763a881aee27f,0.0024549070176557142
ck_19becd44f2c3d2b5,0.0271195103824978
ck_5e20953547ba4135,0.043461474865790328
ck_f04761b4a937ac3b,0.0083477256008685184
ck_7d0fe77dd5ddb656,0.024788171220009557
ck_78f01d78ea79642f,0.010538252508493365
ck_ad54292a0b2f44ef,0.029554942937406757
ck_66bed631354de5b7,0.0091626556999629925
ck_417090dbffb1a63c,0.007639620151152997
ck_d0935b571a4a3868,0.030904929994096639
ck_dd0e17605f970319,0.0066742310939551857
ck_2dc31db181150e20,0.01150561898021088
ck_b568ba3837afb39a,0.0016044823021930694
ck_8de69cd219d3b87f,0.4240960366917631
ck_3d4913a86f207fee,0.046542301842072351
ck_ee949c71f4f702eb,0.98135513203059888
ck_01645ea51972e99a,0.031863284682771748
ck_a60c618b7f0e4252,0.0028771552480649854
ck_3837ad850996ba60,0.0075610142545226629
ck_a524071c51ddde20,0.016124702255601212
ck_0af57ebaa45877a1,0.0071462026052911409
ck_a7cf6c3b322f6b7a,0.026346964748746884
ck_ce0ec41f96951048,0.019535482769328288
ck_5c3a671883d58b3f,0.00200239124059781
ck_7905fe8e257b0449,0.078414481169100894
ck_da6d1e5cf6aba6fd,0.0083147339022399715
ck_6b67fe8e310ab865,0.012948388144072455
ck_cbaf8a954281d4e3,0.97214812740332035
ck_ed26d906883bea0a,0.016929490550983861
ck_b621b6ffcc7f4848,0.0049115154598929128
ck_ef6f8e048ae1bd4b,0.008336337164564207
ck_2a09d142de1c77ff,0.017915098916447245
ck_c340644176ca03e7,0.014415599942960811
ck_bea2cf7a6b7bb900,0.0023559625900241537
ck_1f136a4476b5e775,0.007209512524806571
ck_3759939a0205306d,0.0072063650790128884
ck_ee13c091bc379188,0.017327445078743904
ck_d58e058b5c553dd5,0.0086169256013074232
ck_396e9ea9a6c6d7d9,0.068131532687854629
ck_402db4184982fdf5,0.014328523456310525
ck_a037aff5f8128c73,0.0034610635866260935
ck_8f6cce9f69912983,0.014140736910815941
ck_8758fc6622bbb7df,0.030734849119460145
ck_6ca018259f70858f,0.01040559325313614
ck_63379e3c9fe6f711,0.028244009424367049
ck_5aadd286d188f5c3,0.012819817754428765
ck_e69d27e8965df0be,0.0056068530122938337
ck_c67f7944896a0310,0.025464782538000649
ck_565e3418d2f4061c,0.018688536518048898
ck_58eb871e8d7bed52,0.018603230944681949
ck_d5f5b0dc97b9dc27,0.096110499979413275
ck_87abe9cd066a20fb,0.057024418517090607
ck_ff7e31ff8ba731e5,0.0052158221555828584
ck_f73273e220296be8,0.013980765537056704
ck_73f4eb09af29b1c0,0.034090001249055313
ck_49dd816b31fba6b6,0.1515787646153815
ck_bdd2da300b530c5a,0.0076000266592780915
ck_8a4952de8a123ef8,0.017531866967289915
ck_49170c4b31a20f5c,0.0045079211430406703
ck_2b7cadbc8b180d32,0.80833004270982722
ck_eb1006e7285184a6,0.033222187487227349
ck_646d8d0834782d6a,0.24695941890910861
ck_1b823610371a29c0,0.0062411497314670567
ck_8dde670a735d1e90,0.10578017290813993
ck_37899b1b571b1c6b,0.02943534419877256
ck_82a8bdd2692c2a5e,0.0024698702823532006
ck_5c67f27816ae0b6f,0.024360187381321695
ck_fb6e06ca88519dcd,0.009536461434509088
ck_f2c33d5b65b321db,0.025132119386202991
ck_ca1f6f01868e978f,0.019737303134625732
ck_22bfb9246646eb41,0.54196989405309615
ck_7cd9f39c50748ed0,0.010840670633315277
ck_62fd7eb46bee9210,0.010186350504272796
ck_c3c19d6a0720915c,0.0030907990493951806
ck_7cd0634a6e60af83,0.026720079934280806
ck_2733fc6ba23ae46e,0.021938222317999873
ck_82f3f744209888ac,0.028736005250680745
ck_66eb09be007f0755,0.0067471686933287161
ck_7f8e816ca51755e3,0.93303880638367631
ck_4185506d12cf9fa0,0.0041057143878506855
ck_2659d1d3762a2825,0.012736634620380497
ck_df4424f6dd85080d,0.097381181014440155
ck_5e9e149a3b69c726,0.012941252993278401
ck_8288f7f226e08b89,0.0085508687123873502
ck_a7285955e2852686,0.018365447483396618
ck_d099fca88691f66f,0.033992966965449067
ck_166bd1dcbaf4d6fa,0.0053391917313843169
ck_fa5830d81bc8ddc1,0.006842091043690119
ck_18e2076397bcc211,0.020064418893771946
ck_f7285b92648c1c81,0.0052850978167930142
ck_ff42557857ae3aeb,0.011248597419992679
ck_7956c251b85f009e,0.5910803205652424
ck_c2d3ecd7278eba2c,0.0049981045362833699
ck_fa00aa0f3e859904,0.035696960456458066
ck_0063d2a9507467e5,0.008271780012111863
ck_26e9a7bb2061a58e,0.047284347020590783
ck_d7607a213b800bfb,0.026578452238087039
ck_266ce7ccf41ccc50,0.010883840470523461
ck_8e16a64a776afa82,0.31220119492908505
ck_f7fc1bd0b9ab1fa4,0.013558128751236994
ck_a4fa8833995c716a,0.1743650702393798
ck_ab640420858ab5c4,0.09938287186561022
ck_5923f53b77193a58,0.14551509289648923
ck_d1bbfd246c0ac9d5,0.15018752425350018
ck_e007aedbf37d6ec7,0.0083009426094638392
ck_9645e7adc08631b5,0.01342763061358836
ck_57bbb19eecb4b87c,0.0030069226791966915
ck_96953b8945b7d403,0.0090111100599013401
ck_1078b1e155b5b640,0.012592295847571705
ck_ee53ce862bc9c111,0.011212038630538379
ck_ba6e1115fceaa067,0.046529186524472702
ck_78181f8e998e442f,0.0016763581433820117
ck_016e8c8eaf9d511b,0.0331484704400875
ck_e2aa7be60794593d,0.045406440097714718
ck_ae8e5dc4b725bc25,0.0080396554646720488
ck_fc7935f784a4f249,0.0074165254006065655
ck_05d44eb1f5f085ce,0.0057089816015460093
ck_49886ff1e2c759d6,0.026236954010925663
ck_d87ab3261322216a,0.016275642434758698
ck_0ac9848bd4ba0c14,0.0045796907682999956
ck_d115ac6b9fd62a7e,0.0094025146870118387
ck_bdcf049c1e7d0c95,0.0089379754573511109
ck_7743c9fe037d1f9e,0.040192996184073224
ck_37143d9cc296e6fa,0.010605126663966204
ck_2f138fce1171e277,0.0050892992454839771
ck_61fa051192f3e810,0.025079667069845692
ck_417a3500b2c717b3,0.028409677947897255
ck_9473ea4a01c95f9a,0.060700834219357402
ck_de5eaa2cdbcb67ff,0.095104101540778002
ck_986e4e61440506d0,0.086841186581843158
ck_d3877e1f907cc148,0.01406405536096016
ck_2468a7e9e68a0927,0.004748155120712457
ck_c3ff6790cc6d7e34,0.0084847448150087296
ck_bd85f30c36f5998d,0.05089687745286782
ck_90bf017cdd37b66e,0.039047110148805846
ck_448456f96788713b,0.030567430403773445
ck_455672e652fe1abc,0.55067911854006546
ck_142dba210ed2f3b5,0.028893712049384367
ck_895bb39d24bc1c4c,0.0029737505712237582
ck_21ed2ea6386c5a07,0.0017180568768290255
ck_61c74163eb36556e,0.01439338280602603
ck_7e2ae8b69ebd5675,0.0074411470741732981
ck_9b71274ff83de482,0.96302957653787191
ck_748af92828c9d288,0.01281904763170527
ck_6276ece8f80ea799,0.026660436281330489
ck_f4a6a7cadd6e0603,0.11891478530284727
ck_33ad8d53394ba77a,0.70725347570427832
ck_f65e5ff7da565f91,0.009090552764218789
ck_49969a9abc47cb69,0.015218679910340158
ck_f1e0a006068aff29,0.01955112743569503
ck_72b86e4485da2d0f,0.98499434945151787
ck_0789ff4562202b20,0.020024423737294239
ck_bff090cb4ab76b9f,0.051631756521684752
ck_15de11438732bb05,0.0094202790139633914
ck_9c9287cb28950eb6,0.021944196598184418
ck_d11d27de7bf0b973,0.040268992107619972
ck_7f08078908599bd2,0.036898459478512932
ck_c1d1a625b885a975,0.043381089481669334
ck_2987eab34ca7805d,0.03008124755111409
ck_c2ed04a9d218410b,0.005524180820180042
ck_73d3e8c6077f61e6,0.14465513005669284
ck_9a15fdefc47e8d11,0.043593613030630841
ck_f738b633b8862d18,0.0010996992233796329
ck_56eed7041add49a1,0.3294257619426964
ck_3fe86b6331ff95e3,0.034927194808796448
ck_34a69b3b4a681796,0.093732497617897578
ck_97d04a67a104af39,0.047102178060100391
ck_833a65b86a5d9bda,0.0033420050344280701
ck_34dfb57e5bf31d2f,0.071307416375032795
ck_ba7e347251ea399b,0.032543197001796656
ck_31d4c0518e5f52c6,0.0040253036310085996
ck_6f04d047d1dde75e,0.0033285738506869706
ck_82b5b79ce3517102,0.85558956347263382
ck_80dfa54b30f65fff,0.66225119986831293
ck_3d7b1078e2d57c69,0.0054746682187542563
ck_dae09c4e074af5dd,0.085585663190269612
ck_4ceb43ccd0a81c2f,0.0056053573672496908
ck_0cff8153881875ba,0.11061134077739848
ck_439cf7d51ec7de0f,0.0064735400380003544
ck_165a868bdef28ad3,0.027897894863982493
ck_3174419a81e7caf2,0.011077990380957727
ck_0c3dd22587b08018,0.047382910026815078
ck_88774ae52e30e877,0.011716539670608053
ck_c24f61925dc158d5,0.058743456357355367
ck_c543d82e22b3c8a5,0.0084074721531617082
ck_c78c096ca8cb33ac,0.0037132326433274559
ck_385188ab27784fe3,0.11476199366717027
ck_9947a323bab5cacd,0.077833608087720024
ck_86d7127391d4e01f,0.0049188999767946591
ck_a1484e6215fac651,0.6214780537969864
ck_d4fd0e438c97e0c7,0.044054555645820143
ck_ac7fe1c344190c50,0.021276005308221015
ck_e7a6b925c8f39a85,0.072957796579428608
ck_38ee42f15a573e81,0.0087138748615900544
ck_01fbafc42c8e33f5,0.016753560646685761
ck_d3137f0f7629040b,0.0054622625927579441
ck_73a7794b659d7a34,0.013436237588701851
ck_c86520a00e50a926,0.018679866348342632
ck_7f6fa79c7a107161,0.0079575767755130263
ck_643abfbd7548d0c9,0.024852910260616094
ck_1b0434f096795328,0.010086739806591648
ck_e527fbb9450a4581,0.51741387574428432
ck_35bee1fc12664644,0.3885469095277807
ck_9e21ea33018ce538,0.010478057250398128
ck_0b34197335ba3341,0.0087212602703692875
ck_a432b1bf1d3b3d5e,0.34472642187688318
ck_35c93b2924900376,0.0011319145647705289
ck_6430a8792f400e0a,0.0039385522523257954
ck_7ef666d67bc70223,0.019322309952722657
ck_a3acf4b986afa98b,0.06290180892739014
ck_5d1e25d7acc5af9a,0.012943235371204297
ck_d3885e286b3b11d2,0.045797981179091826
ck_e7f61b4a39ba98ac,0.0020983894533599464
ck_c9690baddfc4177e,0.013230972403661178
ck_59fae092fb0c4aa3,0.024787705227228583
ck_11960b5f1c7a5e2c,0.0036016437674537211
ck_4b9dd69946438d0b,0.015087699178887963
ck_a2cc3910a641a808,0.62810502315386396
ck_018f780215ecaf38,0.005479005530421281
ck_baba5d66def0d770,0.097414070452068097
ck_cb1bd7635968ed8c,0.12830563316905952
ck_5a17c89219d1d9fe,0.014980308855607289
ck_3efb0e9bf25612c7,0.0062981110487129541
ck_66f94903177f20eb,0.012228405010588347
ck_295565fbf77ef885,0.0053431041094437115
ck_0fb3153d37626b75,0.0022936713144374316
ck_25fc3010e8a0f6d7,0.020654207185182918
ck_879cc3166fe1bada,0.0046324477554282421
ck_a5e036327d3d1862,0.0023376243309496218
ck_1694c28f44480e98,0.020446645944820509
ck_c6cb651149dc9a8a,0.0039681556373318385
ck_c5b583490198672d,0.0091899373848199715
ck_1b96d9af0d7da2d5,0.0057351858261274853
ck_0a8029e79a5ae7ce,0.016109977601903427
ck_c77e22834ef97005,0.53746721502067174
ck_d8ddf5e99f7859e4,0.014922552924701488
ck_91742711dfdffd56,0.021400911504308777
ck_95b894380ad2702a,0.054937641302487163
ck_277621473369614f,0.99080919612696061
ck_5cb9d7b2329d5ab6,0.021902200326640454
ck_67025c64588abd1e,0.011167199197947356
ck_fef850553862aaca,0.0047469932473576133
ck_7929284327667791,0.043845067526883677
ck_319b059bb2145586,0.030238267143674107
ck_c190c7b924edba75,0.015669370352627617
ck_57b657aba4daffde,0.047383341793439518
ck_55d7217b0aff9fa2,0.019853989621116473
ck_1dade5592f90a15c,0.023722424726642297
ck_8f346b72fb40bf14,0.0060004435069607211
ck_cfadd21458230ef7,0.0080215173270581416
ck_793048d11fb8b328,0.11934598438155175
ck_70b9b79ea1aacba8,0.023661159148273977
ck_c54c5d8e4433b0f2,0.0069197029618345389
ck_50422466f145bfd7,0.0027117370720072071
ck_a3564236069e3524,0.074233102844914162
ck_ef059997563e3330,0.0086390178329477391
ck_e14892e424180549,0.0071049546769353066
ck_9f5f81d771146aa1,0.0015951106620998305
ck_3a469039a5b9d963,0.0074747844196223455
ck_63601a58a6120d8a,0.022837258799153416
ck_9323e6fc1e168eda,0.60408343478751358
ck_bed8a480e27e911e,0.01441997286743376
ck_ddd6625c5eddad70,0.0083608121922445801
ck_5d22e9ca1d15180b,0.11185593308130724
ck_cf36d8b070ded782,0.010489373303956662
ck_fd5609bd23a1eaf8,0.0040993489536138693
ck_1982d571cd36eb0c,0.010111142188507921
ck_c021495606b4735e,0.0049770238883000721
ck_1fc03ba33edd9e67,0.051924231087569744
ck_67e075c982add719,0.010695853182760683
ck_9040edd974ef8e3f,0.90017390380080942
ck_c3fe0c6c5e1f40f6,0.024175847916803269
ck_767947540b234add,0.0095001908039441703
ck_e8298ff2dc1e9d50,0.0054428484370959308
ck_becb6e1c608e0078,0.0042078253444104308
ck_3ce7cad1f69b71d6,0.0099149461066992614
ck_ed0e776c0926ce67,0.052314907426461235
ck_14f0484b3817eda5,0.034115652239110103
ck_e2a1068c2fa22525,0.021629863681347103
ck_eb224c0fd146253f,0.049703761539222416
ck_f92e04024bf13558,0.0044795311953459279
ck_a9161cf1ca22a6bf,0.0049010268465491729
ck_1a46b56f4734d52e,0.064364629007272009
ck_cd655202db489010,0.0045632251981814779
ck_a980b296c95153f9,0.020624819164865034
ck_beaacb4a783db21f,0.0074293668873812958
ck_03009b721568ee98,0.017553902074975578
ck_37ad3a65db673e70,0.0053629123342756411
ck_071ddaaf2e4e3671,0.0029554311467685714
ck_019d5891103e7da3,0.058066153425561436
ck_1a065ea906ae3d6a,0.020222868708527353
ck_6f2f0396e5b1c538,0.98778776322518924
ck_055fb9f2e1c8c934,0.022590337203978451
ck_6fd8c86ac719d7eb,0.061641742706809541
ck_920bb003b42e6310,0.0036683303589033983
ck_8beae3d7328fa41a,0.048547442397223431
ck_910205d25388a0ae,0.003270659869302207
ck_007337aa99a4891e,0.0032853649303483858
ck_5df6529ce8290906,0.013457451214767515
ck_35f8656bf93e3b3d,0.010967728265823491
ck_0a2f8b2f8a5b6f02,0.015640516237471418
ck_fab4f2f8531b4827,0.029357131824069561
ck_7c4e588f927c27c8,0.014374957430179127
ck_7cdec61e1c488798,0.025218516693393117
ck_19468fe07e26f992,0.97402815672751231
ck_d021fd497ea35fb2,0.0086073966472623668
ck_1b52590757c0fbeb,0.018788567911607674
ck_074be35c951ae10a,0.028136741464957336
ck_38e46bc861e0165b,0.011973609277026473
ck_201687857ec8b3cc,0.014570847032229269
ck_bebea2cf3063fb24,0.0097795921253996873
ck_dfadff70a58a9133,0.00609272759854124
ck_d0c9633fed57c344,0.075733808726858795
ck_3303fd3f64632c7c,0.1188710403102653
ck_9d4fed252718f58a,0.027763858767624189
ck_65ad9b15979e3247,0.01164469382966609
ck_93892e91387f5103,0.020228424726537225
ck_6f81c199e986d9fc,0.0053829918334514113
ck_bbe1a2ea5a403ad8,0.65692533512653739
ck_a89b66665714058f,0.015312774321575691
ck_0e9b982afc88a3a9,0.99189907846897152
ck_f14dce41036486a3,0.98987812341756243
ck_5d7ae0e3562e99bf,0.060914858732672786
ck_d263b55f0a681cce,0.059244272246123789
ck_a443d49c2b4863b0,0.0098520585695487609
ck_2baf214ad6bc0dbf,0.05665972446451259
ck_3ef7a03ebb81cfe3,0.0024334385734288296
ck_95790440bc4bd2d0,0.005971844764629676
ck_841f598bbd54c83f,0.047429995118372176
ck_a7bc323ffed2ea97,0.1814745961963089
ck_f5100511609b92c0,0.058512807342708167
ck_2a07c7021b71cf65,0.019180380401921195
ck_44b9125526acb05d,0.0084005299530136961
ck_c2b4a1d8c0b6c1cd,0.0023299694959384581
ck_29c11bd68858e923,0.0021596034024618672
ck_ace3b96c977a7560,0.031326465801228713
ck_e3d4b6f681c783ab,0.015702685419274078
ck_918c92182b6817cd,0.018725306691230213
ck_d66952b03591bdec,0.019257596165674701
ck_7a58e0cc9943c39a,0.01374840221416666
ck_cdd2ebeec75bfa69,0.18333687564110313
ck_38703b7546d35a80,0.0279398812179429
ck_b60fb9a10d6f4489,0.020546786004675282
ck_bdf837d761a7cec2,0.054918448342007077
ck_4760216154c8cac2,0.45210771710273967
ck_b694c803b62862b3,0.010745731795461363
ck_d7877684c7923ec3,0.099799655905757872
ck_7384d4d2406aabf4,0.0067000805993277278
ck_0c2932cc0d553694,0.0058039451216825456
ck_bb41a66e3d90263b,0.225505356772914
ck_5245cbc5ff4d4fa6,0.01089576596792401
ck_4df2fb8e4b649e27,0.017696468343956693
ck_bc6f07b06aaa4ce3,0.19434626707130304
ck_25a1ea40b2d59254,0.004169872429942786
ck_af65eb885a51048d,0.0030310427404660286
ck_7a3f2961e9a8b6dc,0.011858799184638173
ck_a9f700eee5d638df,0.01663338216889846
ck_5e18870d8e30e379,0.016032465461453049
ck_e9047964952bee70,0.018609652001969412
ck_49c3bf13dc9471ce,0.017170524044534598
ck_4f63d5245b3ac1dd,0.020987769474587456
ck_291bffc7809f896a,0.0068728169908618703
ck_9b5e7fe28208f5d1,0.0080827883641057148
ck_8f21f2690c32c691,0.078172970469855677
ck_729cc0b46cc2e546,0.23628911458096138
ck_ee4d9a7449515908,0.013486361212921093
ck_2c629c657f73941f,0.0086136105672978761
ck_e4df7faacdfe8c40,0.026721460848122158
ck_ddc865af1dd5670e,0.0099250477888797248
ck_e52cbcd9aafd26b2,0.0055716006357896114
ck_0ac9114076f5bf3d,0.011285729441091104
ck_7661d7ceaeb19f97,0.031705858708229874
ck_028c41b195280980,0.0075154932501252485
ck_dcc125b178b79566,0.003305045013190012
ck_1f517e0ebf397b51,0.054498372833024285
ck_2c80a592fb4cd6a3,0.009059650680979402
ck_391639c0f13932f3,0.0043704648754225089
ck_c36ed9f8e6792ea4,0.0097323558703573641
ck_3689fa41748a6f6b,0.12021709022941809
ck_555848d51f4b5f35,0.032656398749739121
ck_27e4de495abb4d15,0.10991528439347842
ck_054ed4288ee58d6e,0.029903817686953847
ck_1422a7bf7756294d,0.97903912124481196
ck_27acc9f320cda104,0.080987989838740504
ck_9c4886c5c90ddbdc,0.01410802465676307
ck_5efbea1befdefe1b,0.082444911001827492
ck_2f9fa0d61829f815,0.014616003383544591
ck_798ba4b8aa544fea,0.0052923765050290564
ck_54e581f71be5430d,0.0054658311572538549
ck_5b82c774df10d49b,0.0055589504094291399
ck_01d840cffb870615,0.10250200577792382
ck_3a8ce1cc724229b8,0.002359080816734172
ck_8f43459991ea511f,0.0046628872258831699
ck_f878b68d66fbfd4b,0.002985938993075503
ck_e84abfc0c747c9dd,0.94756781347511176
ck_083e4ac78685c3bb,0.013016171629439388
ck_fd242b18575e3063,0.042784391453526388
ck_b150fe4efb449b05,0.004013018893601083
ck_5e84bca0e362da20,0.011966259915593677
ck_95188150ff059c70,0.026347486859635498
ck_c20638a325ead2e4,0.019504317739711029
ck_dfd3dbd0d97a642b,0.013487215408421786
ck_5fdf8a0bdbd3ed62,0.010934231687294902
ck_d6df562a79b9d0d9,0.009654117495467367
ck_28c53b214b2ee882,0.16118223258831704
ck_aa2b4c662ff213b6,0.014336265945373829
ck_5a6593d954085775,0.0098416816387521706
ck_558cfe5f77a55a9d,0.0070656421005664081
ck_c7ae1d4b3ab38185,0.0068595536937574707
ck_0fd826fad7ec7cd6,0.015461232256773032
ck_ad6d48c20a3688a7,0.0064998374064645856
ck_123c15d93f1840f2,0.061713013130975672
ck_a75ece9a9044eed0,0.0085231197048771315
ck_403da2a2d800df9f,0.1629123351853051
ck_7fd8b1470401695f,0.29333675836721773
ck_cfb06f07394dfe64,0.0012253408505395677
ck_aa01d5aafde73d0a,0.010936807511707339
ck_dcf851e7bb5855d0,0.0078673533848093655
ck_2fa8f2577116e9ca,0.074859859997236766
ck_57deb202d4188a29,0.0078578812944374854
ck_a95afc7a00303a26,0.064193135517462252
ck_1f871df76c6a995b,0.068672499565473333
ck_1a6b30320835e57e,0.011532997265105198
ck_73c5371635aca173,0.82574439550881751
ck_1a9235812de4b2c1,0.013438119583558341
ck_ec26e327cc1848b2,0.010824681314226998
ck_0742fe64055d686f,0.0073958151722384579
ck_076cbc25c8f15fc3,0.97589036693383457
ck_ada46085a78280e4,0.010809572107903911
ck_0aaaa9d2f75a0518,0.038112278111455546
ck_4ff6fc70bccfba96,0.022585502094251225
ck_a6fc92aa91e99b77,0.85120557604996727
ck_6031211ff118cf0f,0.0040846576277516295
ck_920a48ba8c583e96,0.0048856736443697174
ck_098167eaf124c279,0.020860694685319408
ck_91a0ca45f429568d,0.011005670341459602
ck_e077d004cd1d80ae,0.013425686854403929
ck_20a7d1ce6cc27312,0.0029163801415488843
ck_8d27ff8383d48132,0.010966627952582684
ck_c47e32c47f0e6578,0.22664967088570856
ck_9d7151dbdf100e0e,0.025091880668286253
ck_5dd80b3c01457bd8,0.016331566318672337
ck_8594f165e95316d2,0.0099398474561911126
ck_a58e900469dfc3f0,0.020856095412481811
ck_f5178a658225d8e4,0.003978649623401222
ck_f5dde68f6f0468e1,0.0095224296342553087
ck_a8a2e296f9804bd7,0.031170383260609988
ck_463937167965a1f8,0.016166155033109236
ck_12a074db100481cf,0.07878920271463033
ck_88e3dd3039508332,0.020391895575035322
ck_9cdfaa1c30cc9d32,0.0023103246148651179
ck_4e0e80f5cc271bf7,0.0041346888542683809
ck_af69bfcf4f07d932,0.011443707043693366
ck_5a4d19f1b83feeb8,0.01159904390790713
ck_eaec5f1a83b66eb0,0.0078618329236300414
ck_2c4be237a7ed79c7,0.0092192794810750794
ck_e16528edc694fb33,0.89598195101700018
ck_3c177f5970b68bd3,0.0064878663347292739
ck_ad7c256ea10c4a00,0.10981993421229302
ck_012519bb095ad36b,0.99352582132534306
ck_0ed2739384f1d644,0.0062828039440848277
ck_48446a9e8184c7d4,0.0061165961479335822
ck_31e1ede23247d56b,0.035310300537336553
ck_40052cac10562cde,0.01718503268108576
ck_3267fe3aac05c71e,0.033681219647865163
ck_c3db1b3ad4f16679,0.0075691733791781457
ck_1b74b798eebeabdc,0.019024788291065617
ck_510e7c5df1f95d90,0.99071567127181404
ck_948517bad569b40f,0.058690642649235056
ck_b16a7c51b6f7a6b1,0.30338003023816662
ck_b53ea8713d32ca7c,0.02629656537072856
ck_11bf1039f8b3025b,0.0073210920998852437
ck_4b088920f3a844c1,0.054059172969505492
ck_c2015a1200971fe9,0.014467961968360086
ck_f5a32e6160b28379,0.0093287442647795437
ck_b0b5bf9254700402,0.03140881144274453
ck_eeca179341d56f8a,0.40687895109941585
ck_d94dfde9e03c9d1a,0.016726158948424791
ck_938ce30c864bc7df,0.0056878197835180076
ck_66d38518f68e6194,0.0028562433634491025
ck_115d86fabde77b65,0.0057316951334685749
ck_9e109edd124492a5,0.0061942588579025201
ck_f29471fe7c818d6a,0.024726083490663492
ck_a27bc31eecd9cb9a,0.0060491088947252185
ck_ed4427962c68918c,0.97533520870536594
ck_7b55d9bb1a250d4f,0.033614770465198243
ck_461e3f7b97db8d16,0.023122251235203031
ck_2ee84f3fa27f2cb8,0.0037552249598744795
ck_bdee7c86f5ebe81f,0.043733788399116624
ck_719602def4d35fe0,0.026730455057531709
ck_87c26b2f41025109,0.9904299191250383
ck_c7baebe4549fdbb4,0.038650532766330306
ck_6f847263379f2e43,0.020687370130640256
ck_95391029a21caa24,0.016004444605754474
ck_97402a153348e68f,0.022355806772181012
ck_f1acf73363925958,0.012444643980686457
ck_041614694b77e599,0.0078302761083227507
ck_a7b57882ab66b111,0.0035553901640152609
ck_71a0d645744302a3,0.020306049077111012
ck_bfc453eabb472f91,0.013002611640611807
ck_c33a762d98f9b290,0.0037142514753429993
ck_9e75c6641939f4fc,0.024954615224003013
ck_d17653a4a2d4a79e,0.024602144288007062
ck_df20cc23b8fb8e22,0.0085989527187775149
ck_62720b81617896cc,0.0087361359116578836
ck_d6d2c1f6dfc455b6,0.30986688355589348
ck_a0b4209feb31f5c0,0.9907054859537413
ck_779cc0f2de4d5488,0.092569029233029398
ck_3152c7115257f084,0.011179065406103741
ck_a28d6b1601b472a6,0.023723456562497608
ck_761989aa4c47d746,0.047001448481371583
ck_97e3b04a1350f6e4,0.0087681704533199723
ck_397d5fcc9972f909,0.027456680156437312
ck_bae8dae7cfd8baba,0.0049253463829299479
ck_04e32ee9834c088d,0.28993139771214604
ck_bba0ccc6cd968680,0.025943129421000927
ck_1b34c420a4c85a95,0.0048815639031519892
ck_a1201284122c141f,0.02698287127641729
ck_5ac335f02280271e,0.037128856026771698
ck_dd882323474431d4,0.020655544829205542
ck_f9604adde929beff,0.0054782812394750047
ck_44211dc210139ed3,0.052010060146539611
ck_e5e5dc431bed6f9d,0.0054940391170178581
ck_17d3022ca12eacd7,0.0060240983643762534
ck_209f574c8d92274e,0.0095612601208851442
ck_9fcde1ff46cbbea5,0.005121275965998315
ck_58fd684aa5a6f289,0.0046995356241137619
ck_e96a5e1f08f8a867,0.0083349213832959977
ck_90456160115f9ef4,0.010248357470443566
ck_70a60e095e9b706f,0.0059829148794427918
ck_2d46291975f0dd08,0.0082217114974694559
ck_f2734417c0db4ee3,0.0061009454850128372
ck_651e076ee43aea85,0.0062830144467715459
ck_74d602c907ee9119,0.0081792685872828057
ck_4c99a6eadea143e2,0.050868910362700567
ck_8395f004cf4d4c08,0.0041139979504391236
ck_3938e92585df2b34,0.0095888024189010046
ck_bc32655ee5ed643e,0.012986689351476094
ck_ced9163ea85589ea,0.039182127650190857
ck_9111e3a04b14dfba,0.042191298064626299
ck_791be3378dd7d64c,0.010862531851772356
ck_7cb0c9ded4d63027,0.025715345569688672
ck_0db62d5f7f75f80f,0.021110084094262918
ck_1723900ab9afe374,0.068822315334737011
ck_54459b45d2be8459,0.0073515343855938015
ck_a0543e9b3abe1001,0.028440561362596942
ck_08dba09fd7dab896,0.012717854020323357
ck_b9eaf03453ac7d5f,0.0025510298989414302
ck_298922703c5bbe05,0.019875649580602728
ck_e662b14b2bab23a2,0.21379249776665638
ck_4a691892d9d6cf89,0.0046257231246317121
ck_056d5f0301c30902,0.044734278113899399
ck_7cdce37d895eefb8,0.0028345419438002843
ck_c0b8067c144ed6c1,0.018592097186995706
ck_856ea65fa27d06dd,0.013812826009440098
ck_55d0c7012d7ef236,0.030130568443397985
ck_9bedf54df9418e4a,0.013376915250357993
ck_00f9ca84d1d8ae7a,0.01224394283226319
ck_420d1a9c604293ce,0.010068576601928551
ck_9874ad160efddf50,0.004748063566629099
ck_f4f6f0caaab70040,0.011615535736232866
ck_a26704b5b26258b7,0.0085250734486069131
ck_edccb5a93b741744,0.0059511343763049059
ck_a5f7b6fed6df2aba,0.040219313505594254
ck_ced6b6dcdc7c201a,0.0037337014667128293
ck_77549c1a41f837c3,0.012881255553140018
ck_aa5f3ab48c17fed8,0.2007987582987571
ck_2a5a4c18c2c7274b,0.0076213490416008655
ck_e05d44e46c7174e6,0.0034512977623524441
ck_0084d8ab6b1044f3,0.018241766886836003
ck_42633573639a3f02,0.96517352678779256
ck_0fc1086e1c9e04b6,0.0043159840040959754
ck_0e6bebf8ae9b9b03,0.018827795212621165
ck_f158d9e5f101bb35,0.01493700268998081
ck_e107537a4cb738f4,0.0085660230610520409
ck_ce1b06623e4a815e,0.0019168457912622739
ck_2f4f94827984c426,0.0030967578703663739
ck_e8ea56e122a5a487,0.01703297413468258
ck_2d7394afd61643d0,0.019442363705548284
ck_8dacf3a2061ca17d,0.01450805070451567
ck_315fb710a0e371e7,0.0018982300691124663
ck_cdd7c77823c2257f,0.063507327136200456
ck_e9287b6d909d731f,0.0042420651264086385
ck_d12d2924d0f7a64a,0.015006502144891191
ck_0dda35c0c64c7073,0.98755466345616116
ck_d1ed88ea4211ba4d,0.0097939625389403887
ck_2103399bdb2898a6,0.0048620077722509505
ck_1a524b5cc8da71b3,0.056594495787801471
ck_58e5359efc52e0ad,0.0083797751381014772
ck_3caec7dd6f8d02c9,0.024946017562260902
ck_3eb73e56751c704d,0.019520345412918291
ck_37d47cf0f34574a2,0.0092383093676434835
ck_66d0c6d6b67a8d58,0.004780549880061759
ck_98149ed45d38c4d3,0.032005802536905451
ck_00480407160e0743,0.0059945653637985871
ck_d1ea4bcc407c7d5e,0.0090535720697443242
ck_ac2f7397801036ef,0.013292711867656629
ck_799aaf9f2b9ef621,0.0082304782277232633
ck_93c4e05699b3b7d0,0.0099586362496725308
ck_66accecabf3901c0,0.0091250430736605284
ck_f0c4aac04076a6dc,0.012791402324192718
ck_e3cb5f31d8e94448,0.95449581263618222
ck_e541967c681cb929,0.026747243125941893
ck_8aec3d3dd51517c2,0.0048146536359994531
ck_23edb6d938a3b87b,0.014289986881646254
ck_740e760fdcd27835,0.010374533578780277
ck_fc40a16adfced018,0.010968018653342584
ck_7f0cd6ea3096f985,0.0034504724536700941
ck_347386629d96c664,0.0091520612626890766
ck_2366b29ed9887a5e,0.0030948754860461317
ck_187317383400491d,0.032496892435752892
ck_dcbab304b55a42c7,0.0057816115319326506
ck_ddcac1ab765ff61a,0.022191099609980825
ck_f39cfeb277ef6528,0.0078129395341689084
ck_d69455220b21dc9b,0.0090967783897741867
ck_b4703ee97f94d7fb,0.0044597212639316229
ck_0e0bab173622db9b,0.087180591060413426
ck_d6fe761ed0db3270,0.012645053419311936
ck_590716322ff147ae,0.023271817787222523
ck_494954023f0eb309,0.011898193657786601
ck_95e444a01e2ab4a5,0.014710897952848818
ck_0f909705e2e60f2f,0.0050484697370227916
ck_6d03a542922b2ae8,0.010350181318876869
ck_b0ef193195a2138b,0.0083288365794640662
ck_7b1660e942436e12,0.0092883396734939633
ck_50ede3eb561a202c,0.012478605016257124
ck_4c4a939154446053,0.011842038611722006
ck_504a45ee08db72b6,0.0056689796223648526
ck_f143641bf3dd0414,0.032313015020109102
ck_b7bd3a7f263f4f29,0.043551039131597594
ck_bd23cf9bba1dd33f,0.025268101119948472
ck_e5f5cb7dd6ce4a37,0.025790933430592067
ck_1658429acd5306ba,0.018341470491660378
ck_db1fa53d588bf99e,0.00511859676202086
ck_edcfa9e1cf29d813,0.036584770810202921
ck_b7c37d410b1646c2,0.014344844832051055
ck_73cab88b29c7845d,0.021245585930700077
ck_f42a43e4c3f34ccd,0.028998503284570942
ck_0d0a1a021efea5b6,0.019508068084848559
ck_f8f6a03613b6dda8,0.0079859814685459066
ck_60557f077abc42ca,0.055569770944836318
ck_d75f25184ece2b51,0.026400864159080498
ck_bb1a981306b750ac,0.10981866008384555
ck_7e561caa5fa1f3f1,0.01943230457224554
ck_e424148c6f2223df,0.027733485166518461
ck_4937cfa6526ea138,0.022925325074243049
ck_a72d6df666e1c21c,0.0089170799909553712
ck_245f5d62ead5ef28,0.024966364636731984
ck_059806c52cebe4f1,0.1126729877252154
ck_547090bf35a3b243,0.0073664443373848811
ck_19988702ccd79201,0.0064956385126525278
ck_90b4ac695b9c6bf7,0.010114621247810141
ck_66267bbad1f1415f,0.99363501680520017
ck_ff6a6d3547dd2d37,0.027699249152582019
ck_03129b41457795d2,0.011843849546901656
ck_a892252e4e0c2828,0.0046408829815680645
ck_b3905153b9eee924,0.012474350774293014
ck_e934f984bad2ff91,0.52697347507704762
ck_8d2afe17c0082e6a,0.023531258600188985
ck_ea9edf9c107d429f,0.05710238323006378
ck_61fff5fdaadd394b,0.0032274758047320974
ck_3edaa94d28cd48ea,0.010824898282426184
ck_f66f06e24ff32671,0.016839076213393856
ck_7cf562578c7f158a,0.015991550122576866
ck_66949171b387bb93,0.045955715186217175
ck_87d70f5fe48a6128,0.013491865814970153
ck_3ad3fd3cceb56b66,0.97730006223985266
ck_d229dfa0e4442628,0.0044405430314603455
ck_4732da7e0d2dfc7c,0.0072384596501689083
ck_2209de229b4c71c5,0.017266954819936092
ck_4ed711fe4053e74d,0.33991475491795731
ck_c78b2638fadd91ab,0.025270511584187604
ck_8bb6b0a292754576,0.071287301275855086
ck_0b615ed566da1f58,0.022291254194419675
ck_d2b3ce1ebabe9f93,0.044118211269232696
ck_d3b2b250da61db19,0.84843342041631531
ck_4ffe0366df388604,0.018851911587538767
ck_d2d4a8f4a9f2c33f,0.034041024860293083
ck_b378b8d8100ee4b1,0.010774662924350345
ck_20a17e8f206a14c8,0.011522484136036798
ck_9ed53de6ef779ae0,0.0060250288143969309
ck_3f16e2cd7e6874cc,0.0076982200001686884
ck_ef33c04f4c9e3758,0.0074418934358499314
ck_8fd91a3c99e19097,0.023100494912053002
ck_0c6e7bd357e4a348,0.0031830363036579159
ck_95654593cdebd141,0.0051260714926819936
ck_9822f8ed05335741,0.026877443133374986
ck_11c7667920541587,0.0032684093771069575
ck_ec3715add8bbb6e9,0.0085224201060810929
ck_f09f9d0e0886e0c6,0.0059361212235224036
ck_12107dacc6d05bd1,0.0027796156461468366
ck_23a016cf6b98d89c,0.033685587273212761
ck_0e719b3a6906b8f1,0.0016624006869591836
ck_7137eeb394d200f1,0.032602988298208235
ck_8026e017909aaa6c,0.019507242734039788
ck_ce36b0c287bd198e,0.035913024214076363
ck_926b81c0ba528eee,0.0063336507386134895
ck_6b93bd8abf87b1d6,0.89942599980748172
ck_73762038c7ff2f6f,0.0043031860937787084
ck_abd10fbcbaf2b038,0.0082205699851530898
ck_7ebc5fa7f0d3b8f2,0.012667282360934201
ck_fe33eb743d714c03,0.0068224893651597064
ck_17cc7b411f448e66,0.034502958928653439
ck_5debd55f361b2ddf,0.006750381002406095
ck_350bf14e90b503f5,0.0086185461825228227
ck_469c17407d17b706,0.017563199248277258
ck_004de16f7d8a42ae,0.010723472842950606
ck_27fd85b1e38b675a,0.0043555654383268735
ck_05f79ddd8eefaa56,0.017326157008790016
ck_3a57a13ce032a6fe,0.0047225230538324031
ck_c965fd6bec0f0ecd,0.016982499089792255
ck_a721f0d635fad68a,0.0045154898241323658
ck_c29489366c01fe65,0.90945608624887375
ck_781b8288e54ba8f8,0.076717463212328363
ck_c9eb4df91ff07f2c,0.0031658497478372783
ck_8a5a57858e8c77f3,0.014766273993668127
ck_76d010aa02eb477a,0.0053310648121431548
ck_7a50abd42298133b,0.0066333037939185751
ck_1d2b80ab6c4944b9,0.0086568767227587218
ck_4e39e3b165edab58,0.83237809230009374
ck_e0ccfa0d689339be,0.012040704559631663
ck_89790ff26c844bc6,0.039654750180934825
ck_94e8142728e44380,0.071734996426598738
ck_e3a22799716df39d,0.021206433188343581
ck_5217b55593a332ca,0.11301094998607392
ck_c1c9d3842d758420,0.038819375486457017
ck_dd34f0a844fb115d,0.072055774817764068
ck_24cd0d779e866287,0.0054412155978047719
ck_59f46321ecf6d306,0.0098545351952073028
ck_e7c212f16d6df272,0.014811602612189136
ck_c69ef0f3e7d6acf9,0.018787765818122745
ck_6c1dbee7e8fdd5c8,0.0047679212594710797
ck_2ad0ecbacd5acf8e,0.95871945205755693
ck_d67d9dfb60b286b9,0.004579188393161765
ck_b35d803568f82d9a,0.020259531476964285
ck_af39767cf583905b,0.011148925032592294
ck_4450b55f462ae134,0.0043728314315210348
ck_545b71eb4fa594b5,0.0043235292194366906
ck_c0422e638a9c6046,0.057500807758606789
ck_cd7dcc884e283746,0.051770146985953377
ck_d6ea026357ec6477,0.0081243799339404798
ck_e30e17db5473c7b2,0.0044683397142394974
ck_5567779d6ba184eb,0.034120830855846884
ck_fca2798914627dc8,0.069616602944137948
ck_fff9fdc2adf5100b,0.89428999884416083
ck_0c45e54897ab34e2,0.020817614628152917
ck_507a6a580ab55c76,0.049145497449765783
ck_332ad134fb909869,0.014914370430606318
ck_ca60d61cd4dc3bea,0.063564802401824841
ck_59735f4ab2ad3da5,0.0092473887291964676
ck_ab9ea095a5c58b4b,0.015210014273361556
ck_ca0cc8ea9f344408,0.01202547725171248
ck_8e139f8925ef7968,0.0090187558419875177
ck_9dfb2ae78659240a,0.015812835191360876
ck_90f6f5ced708aa75,0.0022337587251009192
ck_4280c33af57eb4f4,0.0017814347921113493
ck_5ac86682385c86b8,0.0090471646999646035
ck_1bfa8abdb22be8f0,0.057446795244153616
ck_65491367584c730c,0.01932571860466515
ck_3d7db96995745472,0.027408216754479735
ck_a1c39df50a5873b3,0.016764645696207593
ck_ff7c26a62bda8089,0.0037652783056085922
ck_09b0d8af304646bd,0.0029828381434350145
ck_3c25029e40aa8a84,0.0085526863727782444
ck_765aaf42c5088545,0.0076601415867663634
ck_e0f845159b6e6a4a,0.012660936075465104
ck_272ae2179bbd8e58,0.0038357658696540728
ck_c0ce85fb4109567d,0.02713417684113948
ck_515379973a8044b8,0.0090635354686261129
ck_b5c3075c811a2216,0.013844170237447433
ck_713159c5c6a7a4d0,0.99277401316641611
ck_5b3ba20c8bb1383b,0.0040065948487584251
ck_67cdcdda3033842d,0.53370434768490727
ck_647ac26c5900f082,0.0043891279206136474
ck_46d51648c1bf80e5,0.25228474864617267
ck_40b4e264d1a12b83,0.98363190748740181
ck_620d7ae27af83cea,0.0051977000552798757
ck_b9e5b318ee4de68d,0.0093200478685231194
ck_cd691e3466fb3742,0.027102561737507955
ck_7190177963eafdd9,0.0073158823451798163
ck_362ce13eec1e33a0,0.01675292647781406
ck_646e270e0195bf05,0.0054176949667123914
ck_472e0be7a3b533bb,0.021390125686724611
ck_0dae4a7eb587f3ba,0.013903654183821692
ck_e6e7257377c37b28,0.031529627220611478
ck_b7f5d10b427346ad,0.0075439819372527831
ck_3365a0ad1a8aa83c,0.0090178386915952952
ck_7a43ef9c7b1c67b5,0.0048463605574732282
ck_7456df89f3792235,0.0051504551790120673
ck_5014a3b07e1f049f,0.57972314030180938
ck_9b12fb56529ebc4e,0.012995412993324212
ck_002eb6552b504ea1,0.022008545683797929
ck_170f4688e0acd875,0.056140709462325106
ck_ccc83cf66365357b,0.051642248130369009
ck_4719112b55d20161,0.016410507253859525
ck_a02aeec1914c158a,0.029637820901631966
ck_ad4a4daa826ac68b,0.035907625943711219
ck_0d40961e47797027,0.0057636611760285283
ck_114c32aad4b6183f,0.045032995161629029
ck_6ee939b7f396975f,0.009611095124132699
ck_202f0c14b07ace01,0.034599169911006034
ck_09fd43f1b7e2eca2,0.0045650803989806038
ck_189b6fbe9b9192e7,0.01549480079826092
ck_1383b2b1875000f2,0.012755088280495309
ck_00bd7803f2530c68,0.0078667108450422071
ck_4085cd3bf2661518,0.014506354327729537
ck_79323eb5d2e5efae,0.0061777351721584751
ck_7d1661a34164406e,0.98951441277155072
ck_ec30b61cbf517db8,0.0038316150091599896
ck_ef346071f0b7654b,0.0060618131834158677
ck_4c2f2eb657c2c60e,0.010694381056218314
ck_832d39c590a3ca75,0.92697164269838872
ck_7cc5e0fa3ca5a713,0.0078844825768566544
ck_08b4619490e751a8,0.91121813517682526
ck_e0b3158111370118,0.020781001050377959
ck_2685f38930866af0,0.037251429779840035
ck_cd6fbd4e8724f994,0.019986258465618183
ck_33160c443d4b3f19,0.020656705986058153
ck_2a2c336a69b8d68d,0.16389660514995114
ck_805ee564bd35ef15,0.074092812277862186
ck_08a0355d1f1890ef,0.044082124480779541
ck_15fe2a47fa7e92ea,0.0033604378940306078
ck_85ca825f905a34a1,0.017290048202185195
ck_b6527a85fd682554,0.016693007277847172
ck_9dfaca4c7c80b10d,0.038279295680456689
ck_ffb4d892c5158201,0.0029929959093281068
ck_a544e766540861fc,0.0084943860194507063
ck_354909fecf5da8cf,0.019569498052691633
ck_fc5ea49518e5d637,0.0016144317447464253
ck_7c12de74de30b788,0.20395574041229336
ck_7f9a748110d70005,0.020909469204344125
ck_732f725747393ec8,0.048905394531739629
ck_2452a30397dfc54c,0.015780524513602741
ck_08fb463e69f647c8,0.98804519822651249
ck_49df70f908dfd069,0.06500062923660746
ck_7af748a23775bd54,0.034520312518440011
ck_5010ffb1c94187b5,0.0033409506279583412
ck_68250033717cd59e,0.010177014926098469
ck_83dde7da2bf647ac,0.0021576176732952951
ck_8bbb625384edebd7,0.0034919461356502889
ck_5eaeb87bf6207406,0.93796666110278037
ck_0a7adc2f27f98510,0.050080938510550954
ck_c3719a30414bbb4d,0.010783700958988797
ck_580f136ced341298,0.0063083011872359877
ck_70d69e5d1bb99e85,0.058591835598753368
ck_c3476080516db25d,0.020556231162136132
ck_d4e0b2a12fcfc35e,0.0085877933962728373
ck_2ca91214c357c072,0.14199842612678021
ck_c3ba7534cefc1de8,0.016775318361121828
ck_e967ff05514b697b,0.02146725407077716
ck_2d3d7d64a6f443f8,0.013512745367050202
ck_9ccc030ba2de9fb2,0.019759861627982326
ck_387e5a7f163c7837,0.017115450354267085
ck_d51df5e9fbbbcc94,0.35290382494734063
ck_15254db133b28371,0.14560171874342387
ck_5ac959cbcc5e98f3,0.0025295038705578868
ck_619842688294dabc,0.0081791695415889248
ck_179ed66cdfc1ce27,0.014613123562635761
ck_3a70b4ee59084715,0.022738625166357423
ck_c1dd3feb9a0b6471,0.015776259801111484
ck_235ce9603c7dccbf,0.063062828749094857
ck_edf1096809e83ef8,0.0068337276199772739
ck_83c2c34add971d76,0.0061883000083587433
ck_0a4e191cd0a57ce1,0.0069061752935369019
ck_472c81a144f4631b,0.0046970298362845747
ck_81818169208a8cda,0.014133051546433059
ck_06aee5a62a67a84c,0.19600740346994908
ck_754cd7b4a5ae3f94,0.0244966149501121
ck_3428910b44b9d08f,0.023208956628169443
ck_a9d2bb4f2bde7052,0.0025128500974383517
ck_6482ed4491bedcaf,0.0045663002501260888
ck_966d4d713cbc7792,0.0066319888512873289
ck_1c8c969667cbaab2,0.92744172434203187
ck_94295287a04c85d2,0.29287538041379202
ck_466103ec5bd9444b,0.023138819097089855
ck_3c0031d7514da17b,0.038266614789164509
ck_9757163e25262b74,0.019800686504608141
ck_c8ad3f01319c065e,0.058656650255267485
ck_d35e3aa9ef5d405e,0.075093669629187926
ck_3397c7856b4669a5,0.0062235350252190791
ck_1745847cd4e5dc83,0.021049436737754331
ck_4b84357ae8ec7777,0.014899090771520889
ck_bd771efb4a7e15d0,0.0045756885362337584
ck_764d40f865e710af,0.006149154426066672
ck_021c6a4a7e3f1f0e,0.0037023467158829289
ck_123d75ffb75b606d,0.026620446088404668
ck_b48cd8593533fc1d,0.61600928712255765
ck_c7b17f7b24bef5d7,0.016197760077327924
ck_b11e22e75d9b99de,0.0028764665427579526
ck_c7550723b90e5615,0.002698902347772703
ck_4dfd8947f540eb24,0.011901691518217513
ck_731943c682c9394e,0.048181431021246793
ck_7db098a17374bbf8,0.9128649012675063
ck_7f3132d6be389657,0.046609390143175243
ck_95458880a54df0b1,0.1998673672841019
ck_4c6ea04ce8ca9e2c,0.022224095854410486
ck_8777beb11aabd66d,0.0089233475991915695
ck_60c3d8306527a08d,0.0056110136854555705
ck_cf8ecabbc61d3e11,0.011874058464579486
ck_5189a302cfa7cefd,0.0014433869632670647
ck_77f293d44b4a3d2e,0.041980065051353321
ck_bed50fc64fbbf8ec,0.009095757672293963
ck_929bcae878a3ecb3,0.35025210936102791
ck_f7c6c26ef3c4ae06,0.0070964441484357042
ck_59a9e000fa275e1f,0.011088817578578818
ck_3ed9e081959b2f5c,0.026683540703044802
ck_57f17254e2688637,0.027357351249512524
ck_52dec82e9cf6135a,0.0078667526298916331
ck_d91ab840848a54fc,0.010826361926414819
ck_c886adec7bac250a,0.032224669470199738
ck_63d4f5076fe4406e,0.0027255088411590528
ck_ac0ea27e692acdc9,0.0099894777142575941
ck_ba845332b730b596,0.010971724719398307
ck_7e9a8924eab779e6,0.98798870895480051
ck_38abb60995114f8f,0.026873084877288404
ck_323b9cc5c49f8ea0,0.018978491986522648
ck_c530235393360e3b,0.0057875406012204466
ck_1355db6f4010232a,0.024195161402227244
ck_1cec1ed1512a2d3d,0.0025029581387433116
ck_5c0fe988b8aa7fcb,0.16619970343852791
ck_79e202f06d8dfe42,0.043648752181870351
ck_e137400825a1e3e6,0.0066480283034740873
ck_fefc49a2b8ad993e,0.006706741222833411
ck_7510b1023cd08531,0.018819840461434867
ck_b95fbf2b5640aa82,0.0063921269161193884
ck_f4536ba8dd2d551d,0.018578145309109624
ck_9dde2c63acda3ba3,0.14436104458937116
ck_59472d17debedafc,0.0080571876573593288
ck_b0fa8b84e94d8ae0,0.0083854901856688906
ck_5b52ee0a13c71590,0.006389717384780072
ck_ad3c4be96599554a,0.014461600524283772
ck_458531c22ec2f9b3,0.0057183261441692305
ck_b379c198d6db2d62,0.0096872069371568836
ck_ed9c56fdb9f45ddc,0.22732308729738759
ck_b3ab3c210e2c7c19,0.029262563945610439
ck_98b34f2d704c1c2a,0.021801792970880526
ck_6def9d0429e4ed4b,0.011191708439561469
ck_ac68d707006c12a8,0.012719183186043804
ck_829cbf5ccda481ae,0.0039567491198218884
ck_43ea894480567274,0.012030823038719978
ck_5e36042cfad96c99,0.19639310660218234
ck_891eaedae139828e,0.009691654821293666
ck_68ba25dc3385fea1,0.055699900108134089
ck_4a522ca2dc4831a0,0.0017674262309914563
ck_a152165caf295b51,0.008241352649200652
ck_31c54d540b128843,0.014285895836839625
ck_cc447fcc24a0772b,0.41070184979452684
ck_8a16eb584093b12f,0.0020307853743087006
ck_259271c70f3fbcbe,0.046205486582967553
ck_bd86132499defcd0,0.010368737954650232
ck_7a4e3d553e8ab5b7,0.042581194883368881
ck_8ee08f6777cc155b,0.029214868188450729
ck_604c710141327a81,0.0025327915386817411
ck_3f1287e6c27de0dc,0.011039930909196492
ck_ae91b4cff57fb3bf,0.036092425053306391
ck_8d5fa65717d2e0c6,0.01653682453208128
ck_c0b744eb9e7d4eb7,0.017264617739548044
ck_90114c891239d821,0.0062631284580664465
ck_85de63d278f0fbae,0.0026911024912372348
ck_3d41faeb96802f68,0.0099464822830195518
ck_2cd21137a07fdd7d,0.0043437422372460139
ck_168e7ea341a36b80,0.0048048319328380228
ck_db23a0e3e54be60c,0.25089361303783986
ck_a958b2461ffc21a2,0.15682692905839907
ck_0b3c3bea0e0ed339,0.0067815317273971221
ck_be5df076b8a86409,0.0043146831886755948
ck_2d1548f1ee405cc9,0.055333293534396609
ck_7176bbc97b1e42a1,0.0045941430492140662
ck_ad9e2088a33c8c72,0.0021645763913640606
ck_324b9939d9c1c31e,0.0039284995287566567
ck_dfc8f5c141fd7c63,0.019616427486221555
ck_16fc77b2bcf5ec03,0.9859257661195473
ck_4f521611ae14ae66,0.0092222778888266486
ck_a7fcf7b592f68ca1,0.011911941949592627
ck_8311cb6755b2016c,0.007799530543147852
ck_724085c3452d4693,0.42095865897770246
ck_a0db4ccca08030c3,0.092421325546089172
ck_de39c1947fb675ee,0.096037628403002367
ck_96a9221a87be93c3,0.042718998102486201
ck_98217aeafa0bfefd,0.018548073024530015
ck_f4a7ac178fd55f0e,0.008463031194314144
ck_5d818522cbfe2a54,0.02143539177984127
ck_874eca6776b34dec,0.0044227665802284537
ck_7262b4e0c29c942d,0.0058246560092054273
ck_20cd2f5666719baa,0.0031631388483468756
ck_d7ad9921a4d25926,0.020739545271632999
ck_d56ee1654378ffc7,0.01633958135547774
ck_2c7667f64edec2b5,0.0059789939680851964
ck_78730527f8ba1438,0.075463918427513585
ck_794ba5921cef50c9,0.017588895467148383
ck_b8cdd6d6dccc4554,0.014063996538875061
ck_12cbb211ebd2b437,0.049688778225977323
ck_85cb5033fca7c846,0.021400371751635755
ck_1e51199a075ca0fa,0.0028074052806217114
ck_e0f3ea3373dfc4aa,0.019847006503183266
ck_40799e129fcf42c5,0.15713117068970284
ck_5d4ed73b9efd7d11,0.0091528523669120367
ck_243b1b9fdd3f9a74,0.042927037913038195
ck_9d64187c0800f84e,0.01336058207934341
ck_01eb24c18ad11fca,0.075326038267600121
ck_a0e46b67e986ab56,0.020653065002215351
ck_cff18e2d8c520272,0.0038124887667564588
ck_6a27c44b691dbfac,0.0109261430427332
ck_e6ffd0754ac08661,0.0025976679568292084
ck_a7acd5b015823793,0.0077874713153513204
ck_c3f360c2d0ea0a37,0.0094137917434037113
ck_38da3bf629458682,0.0064874111483787999
ck_9a0b605e9c3220c4,0.0053686543063774204
ck_e980d325b8dbb8dd,0.010052253754619767
ck_75b69034000ca7bb,0.026565284204565547
ck_d451d24c780b5884,0.0089937097918947606
ck_2e824b0b27494a17,0.050123235380467465
ck_23caafc2cd34242c,0.0088716800857558016
ck_ffe2aa26f597e552,0.0048896441699382851
ck_eed7f1f7548df15b,0.028737720815182562
ck_eeb75f8a6439f65e,0.015755254017304897
ck_2e481d75d110c06d,0.049410935407933856
ck_192579ecdca7ff83,0.0086536403217211955
ck_869b1878d09d230d,0.13694148148340268
ck_323a71f9452d21cb,0.32009193438046724
ck_5e68ea2c5e893cf0,0.0083068185607233121
ck_be52a7ec43241ba4,0.052428076208433282
ck_77b56c49cfdb1d81,0.085754686765373206
ck_15e0b679931f7a8d,0.01179560711830278
ck_93776b0c113f41f0,0.080907731308338227
ck_1f2760764afa45e8,0.024649351104877527
ck_3fa1a523d77cd619,0.014864395739445899
ck_0e13c4f73818149b,0.011963426623816661
ck_59be61b53d971611,0.0086449597404172907
ck_87eb43e3b9d96169,0.083130671700768127
ck_9b7167da0920c37b,0.057770346792524428
ck_6cd8e0196365c474,0.050733458549065538
ck_9951bd806c13c7fd,0.023094301939581095
ck_c6d2e11a368184e6,0.0022112837385483406
ck_c646cdead6fb79d0,0.0065824766206542991
ck_abaf371ec8249c4a,0.14956813616789985
ck_ccb3767c239018c1,0.0058131705594299411
ck_e5d1462846154a75,0.077089547475243977
ck_939fede90473e412,0.0047542383852995579
ck_bc89644ae3688995,0.02225268217801402
ck_71c917295020ccc7,0.0086716377084796459
ck_1d58f6caaa4d012c,0.015129898659443246
ck_609c249edd88c565,0.0098088394812707869
ck_b1496c474c4a3239,0.0049481486109650454
ck_00a07fc2a9183c3a,0.0024590139743002901
ck_2122f201e65f76ee,0.011440291908773834
ck_a5051eafe8b51224,0.05170557244554129
ck_129e39ddfde92eeb,0.0031621609854454759
ck_102db9615e722c9e,0.01910700357214485
ck_b6a2bdb2d335e1d0,0.99055727050965969
ck_c4cca8278bdad9b9,0.0014410893189456299
ck_212525e2828a6c45,0.035975727712064726
ck_84ad096a46e1a960,0.024887584056841459
ck_1294f7af22fade11,0.15261908298263976
ck_0d33977c3de8cfaf,0.99183222101830504
ck_5c47b49c26cce286,0.041928112288016281
ck_f558fe02bb0219b8,0.018895297552606889
ck_c09c914e416edd08,0.18698527864412584
ck_f8b3cdffef535330,0.087016810557236535
ck_46a8db16ad00b749,0.047733123271862028
ck_310f73940fc4cf4f,0.039205636596364099
ck_3d7fa32dfb9fc692,0.028587104548591778
ck_fe8e5a6c880ceb4e,0.017012797771830651
ck_7176d12b18f2cc0e,0.022340360261505383
ck_61d244b2cde483af,0.01448706409452525
ck_3865b7525b910893,0.0072458648739866481
ck_efd7b9e22c6317d6,0.013083360312367648
ck_5e418a7c04437b4a,0.043366797587230624
ck_2db3fb565e0211ee,0.0072250890170425068
ck_1071d14c46c92379,0.21963952122870314
ck_1d7cd5dcbcdafd7b,0.070514320242252376
ck_dca9dc465f759db4,0.015170012052281837
ck_0d4dfd93086e7330,0.010445525445511524
ck_16077934338472bf,0.0046246590045547677
ck_5249b223000915ec,0.044957116219426781
ck_125c5a720ecb177a,0.095295146730440247
ck_62337eccb1672737,0.026703708180794219
ck_13376c59b5bd6943,0.0079376656359631172
ck_399e45e5fe9beaee,0.056892562233655471
ck_946afc2943298d26,0.0035908183401135206
ck_a6e8e8f535b1f1d1,0.020291672743906211
ck_7c0fdfbb447cdc04,0.0644150054936551
ck_ce0166addb93bbad,0.0073295804419564112
ck_7d28da4f1dab09ee,0.034446188841089131
ck_0508908697f60ce3,0.13554700100640879
ck_d96eb3cc55f2772f,0.017826788595618273
ck_b4384b6c11766ce7,0.054028388186989219
ck_e5cdbe3aa12c97f6,0.0043728137801380268
ck_9f3861940d8d873c,0.022322032100487672
ck_d74a62ab3804a81b,0.01056027359642772
ck_7cffb189f4f514ec,0.94440833457424755
ck_ec8738ec663cd2eb,0.012925363166973795
ck_715966f86d5c913d,0.017018767429067373
ck_6da9c5912e15d9a8,0.030753012935343178
ck_c081e1967dcd811f,0.020033325991588788
ck_f9f93d1d41be1468,0.61336560019818698
ck_583d6ca78c97d91e,0.43952896962728016
ck_533c4f7400d5ab22,0.23335300827329297
ck_80c0a7f54ff4895d,0.0030972320853596825
ck_a60d6b324bae0330,0.013910726342445928
ck_4eb1c12f7d092bac,0.0031743563575996475
ck_5a9d5f9901e37e31,0.011911228262347705
ck_5ee32bc6bb5d1d4c,0.088440370445245553
ck_4684fdd61c6a0fac,0.014662043936923108
ck_510bfbbee37ff436,0.017125651881463796
ck_a964e6b5d8415334,0.43292958402485376
ck_1b708e2a4a0584dd,0.010968760168794304
ck_2369689bd795ee10,0.0038399468659770239
ck_e9dcf535f8c289eb,0.081478525090295573
ck_09748dfe4df3d540,0.0093112634971102854
ck_2ce5afbc014763b8,0.031377528722267359
ck_132c16312f37810f,0.014684240230811741
ck_010264ae04f2e902,0.093764486842237149
ck_fec0ff92fd622253,0.013149133628894395
ck_6343e0d3b1c2962b,0.0058587962260038245
ck_be51f4e5e6b85768,0.020825848635308106
ck_f2bdcfb4203ffdee,0.030636824187726164
ck_9720a472a3e0140c,0.0032981576284331782
ck_9aafc33fba1474cb,0.0081367315268650285
ck_5403c76fe68a08ba,0.58351242840215611
ck_6e606f73a1094afd,0.0071982220754482091
ck_ca9d86f65cfdf018,0.022260058227584908
ck_b9f6040eebd1605f,0.050830631864641096
ck_b447badc9138987d,0.0013719548118203092
ck_7fc513033af061af,0.045774895174452018
ck_01c631b38e8a9535,0.041433179421832576
ck_30753ffe481a1b8c,0.67085169031990222
ck_9129c92c12e0c8b4,0.0053122949459150715
ck_c401a26725b17177,0.0020200826209544245
ck_117d78ccd5820f36,0.026149646334639724
ck_b5777605668bfca1,0.0028373512125868809
ck_0e5385c70c6de025,0.0084795598398281248
ck_6a0f8f8fa4a3c2bc,0.0099018067876267424
ck_1c65e8d5be3b9c60,0.21741780885970149
ck_432cc19c7eeaa46e,0.012743333217367481
ck_ec7406cb5cbc8f10,0.0060477544002613074
ck_18eb1f9181f95df4,0.004543606262889791
ck_b837c7dac2a9b931,0.01749136522607396
ck_acb84dc2351eeb76,0.0093811179141409518
ck_812cb3a4482cc618,0.0039702368982636746
ck_1436f6e11d4008f9,0.010585236821116171
ck_cb83b9f806e90dc6,0.1637953286417505
ck_60ac5e5f375daa38,0.019096258941653843
ck_a7e669cf1c3985aa,0.024239576523624955
ck_675c0ca1ebb1051c,0.0028959883299774442
ck_398f3f4cf05c721b,0.0058922885609420765
ck_3364a1d9261b3638,0.015227281907941204
ck_8dbf61df902a6bbc,0.0045420520846188236
ck_25e551a0a8d2fcc2,0.039536881850219641
ck_7831ca5c31fb3859,0.091236301948198525
ck_7989376f8cf64a9d,0.0057347723055638676
ck_0027ba644f9ae2cd,0.25815257248977963
ck_02a9104419a6dbaf,0.01423862022052964
ck_f97c477986043755,0.013013012320811859
ck_4b68b38c1b3326a3,0.014817144287491701
ck_190bc849e5ff5401,0.016699600312594404
ck_a0e96fed380440b2,0.0064796101455526058
ck_bd25ea782e375b22,0.039858443304974303
ck_50ed8f4e7ae6710f,0.0043315619209274812
ck_86a2d852a9715432,0.037527231251095416
ck_5954f45a2ab45f43,0.022269124072133495
ck_5fc65c24e0736d5d,0.67410641929239956
ck_51d842e6dae74c71,0.0033836225356150347
ck_b05c4d33c4f43639,0.028387755190451218
ck_538fdbbb3c2bcbbb,0.1256353542277624
ck_735f244b99e3aa8d,0.0057681206656474762
ck_5a4eb535c9a11993,0.007240279888526358
ck_706a4f673a9fda3b,0.35010878341164786
ck_b92b11d205af91eb,0.0024812673237170338
ck_84569a8fc50e73ac,0.0079457783342360491
ck_a5ecbefa849ae569,0.012769463048373168
ck_40bc6de252865f32,0.0032512237582891556
ck_4666232ddbf77756,0.019292310606988283
ck_aa0b083e2a6813eb,0.016587378052714107
ck_634276b05f4381f8,0.0038702527468227931
ck_fbff7b5da8111567,0.0066521936130951569
ck_c00e70606904539a,0.0068395873776609176
ck_0e808afe2570ecac,0.012257696941895015
ck_b1495ee5c59a6b28,0.0067578292268222475
ck_724e459b9ece38f4,0.028927796523556183
ck_3c08546dd0c92863,0.020214211319141615
ck_aa9b28e7fc43af79,0.35188873193789938
ck_f2f3cf9cd23b2809,0.01438017075473751
ck_19660cec756632ca,0.030955592860818115
ck_221b5d40358230f4,0.0093309681630146107
ck_dcbe6814fc4ca0b4,0.02500579743356432
ck_5f0be7b468a72333,0.0082806226130874242
ck_49685deb63e4e8f8,0.0095862976516081326
ck_032880f1114dd51c,0.020972630175100149
ck_238e53b6dee8c301,0.014367548704822573
ck_7c7ca54969eed187,0.022051900049174358
ck_a6c740041faf0bd5,0.0046169650888943873
ck_2455d43bbdd2bb69,0.01161054341867891
ck_6c54adce174f45f4,0.0048141945546665774
ck_192bbfd0d5720134,0.0075176762436147898
ck_85e5494ec20383ae,0.020064751916854723
ck_479a065d5903e9c3,0.034954980441069997
ck_408efac1d3885ff8,0.083495286505481131
ck_f7e958a286ae3b57,0.013424577674180968
ck_8dd44eead7d765a5,0.016173552942288033
ck_2c4d25acbe3fabd9,0.027244334129784085
ck_621c9ddde6bf2eca,0.014628780827451853
ck_2df4854186ec515b,0.030225260754083494
ck_a15fe7d0f4b65c33,0.33030242162592616
ck_73b729cb161487f2,0.0086051435623118143
ck_053746067839696b,0.023092157352634736
ck_0576b00d728bdf19,0.050391707967300539
ck_daaa995f3c2f0e47,0.012899976852159403
ck_a777c813551281fe,0.142734694869559
ck_c4de808ae69c771f,0.0085692321122843688
ck_1d3e561a7d20be0a,0.97709594995208016
ck_4cc11c7d3ca61f73,0.0054767713057350233
ck_fd78f8a8663646d7,0.0072633864434036941
ck_3b150afde386ecff,0.017879560980394525
ck_9fb11688dcfe1513,0.052492631826627813
ck_924e572517515f19,0.24131424626520692
ck_eda55c8fb47593d7,0.0063218161640649102
ck_e066f71f8b296b7a,0.037464439171692454
ck_32430e678c4f9f53,0.0090509875527093834
ck_7484c214c889fe7f,0.044004495475378394
ck_7bf668e25abeeb05,0.0083779054336098474
ck_3925f8565abb7fe4,0.016079487183865124
ck_933789b55361d7c1,0.85822557760283713
ck_04212a9bb9b28696,0.99285447867861376
ck_f04938570a154de3,0.010149395377648069
ck_4ac918e884cff336,0.010814506655325483
ck_666b95e75d99ec4e,0.84102096010861782
ck_9b665ef46d785324,0.0036530065143360602
ck_de056e37c82e8e00,0.016123406080943876
ck_618c4e5cfae99dcd,0.15105127530360138
ck_3b74512f774a6e5a,0.028150261130017694
ck_1ad36046aaeb816c,0.0081960578044692027
ck_2df5a9fc87553eb1,0.010206207900811778
ck_b367449195e36499,0.0061350926538082488
ck_1242aa4496576a99,0.01549880613067846
ck_133d8a1ac7c0e301,0.98856335697180353
ck_b804e784cde9af8b,0.017532034492778112
ck_4b3506b624e5193c,0.019565456708337561
ck_475ea9aa6d3898b7,0.05591719734721462
ck_337b24a474010abb,0.99044294330027993
ck_749e0e50c3907be8,0.0070845763597232134
ck_d1157eade2ac3975,0.0087766354816542595
ck_c2dccbc1b24b137b,0.025618333663851987
ck_af02e1817cfa40b5,0.21313851016814916
ck_e9a2495dea8675e2,0.014627534536777372
ck_1df4a1781a0f6999,0.012797501717324153
ck_f85155ca5c312c7b,0.0088676933526627821
ck_ff090498c4b17ac3,0.0051177473567262793
ck_17673a1c2867888a,0.0047555814685961723
ck_cfc2384f22954830,0.033535388502656534
ck_bd2cdd53fca26171,0.0060981098406203884
ck_ec1c902b9b9b9c5f,0.10889441806549888
ck_317360ec0a67d27e,0.16046578382104595
ck_3e3ea5d8c4a229dc,0.063281591466174167
ck_546ad962d04b7de4,0.95284689234623443
ck_82f07504ab59ed33,0.039383604748645377
ck_382ebf136f7fa337,0.19696022214976838
ck_ed471e496916ee15,0.0066274927188389862
ck_0ec820b670d48098,0.0036163724459103903
ck_0b20bfc515ba42a2,0.018510757133981894
ck_42341cf31c08c981,0.044928582487313948
ck_42dcf92e9e016922,0.11880662430787822
ck_424c254249a109f0,0.017662097578619706
ck_ba576d6d4cb6130b,0.16678683327031946
ck_529fc3170fd11abd,0.042016872733464605
ck_be48f583f79427f7,0.031254878287956991
ck_94fff69584dd3b2a,0.015492812852568327
ck_6babe5b8674ff51f,0.0023528779560497851
ck_7e826e233d6ea028,0.0078831898065391745
ck_d55eb81a4d543c59,0.025751500727514091
ck_12e2b5ebfe8986b2,0.0068508957701671723
ck_206f8e3cd72768f3,0.050275938854771954
ck_a2d7a563f520b7ea,0.010698370673833977
ck_47cad6c3def4c9e4,0.0035770577957325279
ck_46bc797b4d07d607,0.004894696459140058
ck_bda299466bb2136e,0.024259456371026687
ck_77fce5f86f00b8f4,0.35299848101677034
ck_25822068c86c856f,0.003751692606506935
ck_9191579254663f5d,0.0026726640112974204
ck_311d395fa9b8550a,0.019142893869625383
ck_31e7742f160980ef,0.014966319067419191
ck_f3dcd818db92de7b,0.020934286332083704
ck_150a1108f936e6b0,0.0053727798385522409
ck_4c37586080edb7fd,0.0044172543969744262
ck_6f8ae0319c07cafe,0.0073235184122819328
ck_fb2a35571ec719d4,0.13749335393586293
ck_e45012f22b7f91d5,0.0035959209213607584
ck_70e6bca473bf6902,0.0033091326038493974
ck_e7501307c0698e5b,0.0078507597718377245
ck_e08e9c8ec5f23d8b,0.0072315844855156798
ck_72771757dfb7f7a8,0.012185512274445514
ck_fc418f53ce4aa579,0.91054149412622265
ck_c1ab40638f04cb02,0.010348781875365582
ck_f01be92dc78a2dc7,0.0082126265703123535
ck_703703bda38fdcf8,0.0070749656902384869
ck_a1c78972e4ee4082,0.027835269800682277
ck_255f0e5888ae9e23,0.048974994811195931
ck_3b66196ccf436c35,0.0096139545339367066
ck_75fcda73f0b43557,0.0046689478223133699
ck_d3e208671cf37f91,0.98559350424889458
ck_233397a8bd40d38d,0.0043458336473344095
ck_01e7960c63dca3a4,0.94874795465021533
ck_d932f98bf6b83956,0.082728049762266304
ck_abbd1465fc730d78,0.025896057170346723
ck_7890208951df34f0,0.010351736522288643
ck_be5bd81e3715cb8f,0.75425437286620989
ck_ead68310311690c8,0.50114080561157448
ck_c2bd5a722aa637d9,0.049849407700467245
ck_197f8058cea1fbea,0.0021124851068965601
ck_ab33fb754c818ae3,0.030671933279178214
ck_95fdc264eac72fa0,0.0095862294650605456
ck_02adda6e91e49650,0.0097291537365711694
ck_c54643d94d3ce355,0.024800549104748833
ck_9aa45c4e03c8c57a,0.02111099158817014
ck_427b91925952cb40,0.030129138268397169
ck_c4ca1434f3778f1d,0.9946294610170251
ck_89a1a780144d808b,0.01531689998285898
ck_8bedacc6233c6269,0.0083007767088831511
ck_f4f83b1403ebea46,0.022456606550240326
ck_a1fd0ad03ff9b776,0.040372184358719948
ck_c30201ebd003fdc7,0.015723523171823246
ck_9fe9bdce982b312c,0.046587985701402698
ck_09169f22194fd6aa,0.0070023603402677333
ck_976fac1bb3dd8c58,0.016733816797354955
ck_bac5233623b25ca4,0.0076148504076248551
ck_9f83fa5a2d3b9049,0.010309572899619885
ck_b2a79dd3df560f14,0.017921217612503176
ck_62b9fb3db284941b,0.013154501162388831
ck_aa075c418ed9fe5a,0.057861129980041406
ck_c6abd5d57b1009d2,0.0030512344540678366
ck_0734fd90b2cabd43,0.014158739029574921
ck_bafe82c870356706,0.9829004979488456
ck_e35eb857c61548b2,0.56128150723035597
ck_22b587c18363899a,0.003674211329129087
ck_aa295a11b0a6ab36,0.0076084991229088995
ck_d839798f9520363e,0.03584803064682672
ck_8049f5fce32be185,0.86459414562618986
ck_e2ab04136a442a98,0.0058244864178481105
ck_c9d72140b0389216,0.0068061940109279753
ck_f234ab47061ba7c0,0.0031831320945085026
ck_31fc51d5a3dfe16a,0.01013837112290655
ck_f517f06551e69507,0.0025090358676832947
ck_392cf2cdd515c34d,0.007572653318156433
ck_366616a725afc6bd,0.025817958486885496
ck_e18ac29ea62cb435,0.032567092997872797
ck_170c65860e2a7e23,0.057357682590559463
ck_093e3a7134e11d6b,0.0085020578356816371
ck_d111c98b36bdb791,0.005155689990109744
ck_1ebd574406235957,0.0091563260321076909
ck_65519d0fb137e0c5,0.01147701976925072
ck_ddc3fc99eaba2064,0.036749979111828562
ck_1be8cb95d6d9bbf8,0.0031808793619922619
ck_242521e261148fba,0.0045972138465491105
ck_110608c3b03d4038,0.4213991799168933
ck_0dd7c5925d28755c,0.0059223781817199627
ck_f11be8ce05382cec,0.028092232474193117
ck_129ffae92dc01408,0.0081846600695024765
ck_b0b9047dddb1ec84,0.73457448909642253
ck_b4954d16b9749829,0.019747825010794501
ck_66a8325f28be7562,0.0066489969655447127
ck_e1b1e7a7e4a15b3e,0.015733526200360958
ck_658b4b54be09a4bc,0.98558684618598424
ck_77f8c5042065d506,0.0043882765658874697
ck_b003e5b54df65db4,0.019202141635804686
ck_ce81ff9b8b35562f,0.046421798627265781
ck_d27b872648b71202,0.0024662263752358634
ck_3acfec10eec32f9c,0.012351175226826364
ck_813e02e1ababd177,0.0088861534032571472
ck_ad9a18f58589faa7,0.015712623179206027
ck_62f5cfe22c952694,0.073898719231346721
ck_a46c1773f01f0be7,0.05579925001345843
ck_405b20ef9ad0ba5f,0.21735772348473473
ck_f948e8a8fdd79b4e,0.0077860603827551245
ck_81275d9d4c559e6f,0.0033469610019307497
ck_40e84e6ffe788a4c,0.014512974558619128
ck_17733f75ebdea93e,0.010851551804612291
ck_4a1f0172d3bf4fd3,0.034809512005070313
ck_01ef1036b2e66a4b,0.011617612052122712
ck_084a85145c15ed77,0.0050745963218785071
ck_62f46226f244139f,0.046460638452387168
ck_43637d28c7216453,0.0077864058975065115
ck_fcdb4fe2f095fba1,0.05533282168148361
ck_9f85fea4490c00cf,0.009550577010960239
ck_83e5979334345622,0.016460698341900854
ck_231ae0329ebc3220,0.010829593890539148
ck_a49a2c1f881a3560,0.011041992625029844
ck_88ab6d245228c38e,0.0010443346845174721
ck_b62276c3426d680c,0.027077079633328706
ck_def344d68f06d749,0.012654961542392222
ck_8b19bb5b23b6741c,0.022760781207746428
ck_c009c97d5fafbced,0.17649852597406818
ck_9e298cae167f4693,0.0025462420163564238
ck_84d62b8196da2452,0.0077815103796559301
ck_6f73cdbf9305e2ea,0.015098944926342506
ck_4c1fdd1669c7cf51,0.014211894088528472
ck_744eade757ba69b5,0.019870215313974319
ck_b0fe4b92fc70f72c,0.0034953448398371122
ck_dd1c490050cd9051,0.014828380371352638
ck_17bf38d51115a8f3,0.010951756307927671
ck_166aa980cc87fa77,0.050250389285849205
ck_f17ed7e0fd687742,0.041449333522299819
ck_26896c494b2768ef,0.0051293412734744739
ck_88ef9f85948e1a01,0.0041880142425995753
ck_a28d9bb5590d458f,0.029306331068316885
ck_8b8b9de339d75d0b,0.0070464892000237133
ck_6715139e240007d9,0.0032947509473350437
ck_139b54e6ccbdd7da,0.22146836034993636
ck_66e81a4190c33510,0.0069421045497106895
ck_4e862c2f48c38aeb,0.0057938896950936614
ck_1a3ff7620580a514,0.0065900894983670485
ck_f33188c232a03526,0.33521510385891673
ck_348c874eaf0354f4,0.016115769501887194
ck_931510e384b1d0cb,0.0014378036240918174
ck_e15252ebd7553422,0.011009797275260438
ck_a3cce46d15cc20a2,0.031449069012082262
ck_0dc1e536231c4860,0.035389914279236642
ck_f92cd37022b0ce21,0.009862895913911443
ck_bb99071e8f58c8a4,0.14398473568250444
ck_06010f0df5b7cef8,0.013839426047537927
ck_ab7cb50407d6b13e,0.022026961760991962
ck_16a06d58d71935bc,0.025105958387839307
ck_68f56f6560a7a933,0.0052901672505319608
ck_a019151ca8e7527a,0.015044390893481325
ck_d1b9e5d32d2d789f,0.0084734813561332459
ck_615763afc2e17a7f,0.0051535555081423136
ck_5eff0208c74ec714,0.020140303524595067
ck_7eebd0e6ad6c070e,0.011342588038675459
ck_cd4c63155570d6ea,0.011554132100893144
ck_c5414d7a8031d4f5,0.0083215942546193619
ck_9a88a5a989cb5bc6,0.013016132752225717
ck_541a734fc457246f,0.025892885461538964
ck_861af5a9a9a6d619,0.0032701399267571979
ck_2cc1d9b587f6da31,0.19085749784783401
ck_7084ed3cf20781b7,0.019169001537901721
ck_e02f93f51cc8caf3,0.0081447218594370239
ck_9a930faade55b8ea,0.0037206004647839849
ck_0afa4449f20d5196,0.013079589981999639
ck_4d503c41cf4e5034,0.011595803620172009
ck_6ff0fc7487e737e7,0.32909108516992636
ck_b21d8630387cabce,0.0060610757135423085
ck_bfd9bfc5b6ab4a54,0.019275001748069322
ck_629537d8b4d0f395,0.024252740194853736
ck_bfb067986660afe3,0.091040060993091698
ck_c1a31690c8573226,0.0044890479601552586
ck_94c9a4d382689e82,0.038650702135559295
ck_397c03aa33a57310,0.18532275150982441
ck_4b4a3c5b95c55b43,0.001573574817735646
ck_40780fc0f8d6f309,0.037634587004774483
ck_72022008a92c9386,0.021183121458822556
ck_0af18b3ce015d294,0.017579305641042871
ck_a481385c2e60dc4a,0.0413756046087871
ck_e49b5e4f2f2e79db,0.39631777550866565
ck_cb88ef3dc1f42225,0.0031396672735899325
ck_a4e2607b4c8021e8,0.0034918985690600693
ck_8aa8b9968233a1ab,0.017155771793775254
ck_cd32e58e8a1c0e85,0.0095187779900640888
ck_69b5620e00ef5dec,0.003883156655932531
ck_0dbefdac0a1868fb,0.0024120016803704167
ck_fdda581aec411010,0.0031146934490861185
ck_35e411b05d22f663,0.0088682199173176351
ck_11662cc7940ffc82,0.054346395587560353
ck_4db6d4fd2b49aa81,0.015298254637498329
ck_cd0e76f0e7bb38cc,0.015845382919576687
ck_cf52e46fa54e4540,0.0083964662523990478
ck_337b930fd149a696,0.012411259013166594
ck_86a61d9a39768e87,0.024126834295819057
ck_8424bf65223a5a9e,0.010748004818990756
ck_9625a64406ea16e3,0.0074800330304978157
ck_ed0cc1b1c28f9511,0.071583280543462441
ck_9158bdbb63ee8987,0.005220303898238284
ck_2f241b97c0f8389e,0.0081002103681886498
ck_473d6314ea614b29,0.0049980802777283458
ck_7443d6dca8cd1352,0.019771250944039455
ck_c6fbdc5ba68a8466,0.011181894742673427
ck_6cb7c97b72d6b5d3,0.0095845269675850896
ck_b43f04431c267dea,0.0059082044740846433
ck_77b2fb17c29f5e72,0.011973284737998012
ck_b1c51fdafcd80122,0.028126364512543581
ck_819bf3e8231f4081,0.016120852319333828
ck_1dedcb48ac381a1c,0.15921552017043522
ck_888651bfc2c8cf70,0.005409935119223391
ck_af0a6540ea7a36b2,0.0048828049635343878
ck_97e980463aca4644,0.010455928747160809
ck_6faf3e6820398866,0.032538141712174812
ck_d0982b4e0e118e4d,0.029259443719394353
ck_3f5e8f3f1df0c8c7,0.142012739137335
ck_5d8481e2b38bd99d,0.012369689870105068
ck_569b83668d74042d,0.45610673033619054
ck_f8b6069d7577fde6,0.0087426722285989539
ck_837cc7fd48453a01,0.014703236677158301
ck_2973b8274f0bf69b,0.021229115727416214
ck_69bd0b1abea7e1f0,0.24671722670045221
ck_fa0b234481cb57d3,0.014987418759249541
ck_cbeca201dbade3e5,0.065050404440196677
ck_05a00b1dd5a03359,0.0039774471259074497
ck_77c0fb524edb4a94,0.033504308089024298
ck_e64f0df63e1be595,0.018600319702552583
ck_5c7ad6e731b69333,0.2841783156725296
ck_b657ae3c146cb7bd,0.0031658954531376109
ck_7dbe24ba01316775,0.081966151655997965
ck_0e3f80c1553c591b,0.010835957694489475
ck_3edc45db58760d76,0.0090449728132341242
ck_24ff97ad90bdd69a,0.026776018866664617
ck_263f6c5ff26b5e98,0.04352789049976058
ck_437afe412ea4259c,0.053884004210895779
ck_ae8c9163cf957d7e,0.066944600064456419
ck_3f8571d4f7420b2a,0.020143351426207254
ck_e6465c56b337e6c2,0.007378537828065153
ck_7dff6abe4bd644dd,0.51472128168661491
ck_27fa694569140345,0.0088473264488656226
ck_cdc55623cb16e6a9,0.0051097217096396008
ck_b08b3f089138c901,0.018814746620184165
ck_79da63fc100830b5,0.053189312714825118
ck_4339f86c87289222,0.58545931701981546
ck_38ea56d43afa5660,0.035865659833707257
ck_33ecaa7b892e73df,0.0045299351250544864
ck_dba767885bd6ad69,0.0053968662297206715
ck_b109ec4c63503030,0.0067504698920185721
ck_a7f522382509cef1,0.0056520933034080734
ck_d9143e236eef177f,0.046258493920851532
ck_f790d91e5ff0eccd,0.063364450278462645
ck_064013b0957d87a5,0.9916596479923383
ck_643f549b4ac78a26,0.20572511951589481
ck_a07e7409d6d5aa06,0.020657708473647642
ck_c37f03995f0f0169,0.0030503707443501338
ck_8929d2eb09872052,0.061122487918114213
ck_27f20337bef5ffe0,0.030978116771333053
ck_7c67b73196e3d0d9,0.042258813037667903
ck_e30db36e376606f7,0.2090115400498776
ck_99b4f266b61ae7ee,0.019094686187497628
ck_4072b59388976896,0.0079027284729849649
ck_21c99e1d6b881894,0.0031517216331182069
ck_ab2aed614ec1cdf8,0.026844414505557176
ck_a8cac8d480306839,0.0018315228587520885
ck_36d37be780c1291c,0.0039471049666938559
ck_7b3cc6cc3f250f39,0.0092102319817815581
ck_b6673bbe61d2680d,0.010332506550503405
ck_c251898b5d51e3b0,0.013070680755960179
ck_69105f881da3c821,0.014606872086236213
ck_adfb8472d5c3d669,0.023060282850108346
ck_4a24ad61d017e1ba,0.012689127579998034
ck_15ccbf8ff7d14086,0.012216613165753541
ck_c4bcc7cefd40f8e2,0.0040316307439358986
ck_8d5eda29a2cffa3c,0.0095629089607017978
ck_df65967b8b40319c,0.0020766229642639961
ck_329f7de7279e74c5,0.0051350911469108217
ck_d5b8e74e7ca6355a,0.034862012059218274
ck_faab769cce19879a,0.085550454873335804
ck_9b552204498b6762,0.02365353268617949
ck_c7dd84401e29a7fc,0.014797416504281
ck_14436a409ebcc90f,0.0094047360215895395
ck_f09165d73ee903b1,0.0047964136346129501
ck_3dd542c2d31be2c0,0.011900097835726556
ck_8afc1112c12f5402,0.0048271797705633423
ck_4682fad271d47eb0,0.96938363032337338
ck_9bf0d28119fc42c8,0.012311907574874267
ck_4610a073bb54d1b1,0.0096214000066102978
ck_f781539b1042dc83,0.0084673175088019921
ck_3199b471575aeb3a,0.0064346965496246021
ck_51d3e8dd7465c015,0.0028984385205055377
ck_bcfb7ffb7cd428bd,0.025755446855227994
ck_8563fed6674afc77,0.0086389395907951957
ck_89c8b06aa8c84b2d,0.042379179645595851
ck_9a2fcccb82da663e,0.0066143968954062143
ck_e7a3cfb9bf908e80,0.032564506095066822
ck_d99a8b4c820eb46b,0.0081632119361520969
ck_ae2ab6be219219aa,0.0048754366926753731
ck_a0dab7aa9c4a39a9,0.0067160486393659444
ck_604e1b8a8c693aa7,0.015154413626156897
ck_17c4296276448afe,0.030528826428735077
ck_9e9a830785112a73,0.032468530726053144
ck_2bb49dc2388cdc1e,0.01131853948063968
ck_bb303568b6915205,0.022253694761883155
ck_ab1bb02f6b189304,0.51971885532369155
ck_2675e7a008e584a7,0.19259681778984172
ck_9880410fcd10a28e,0.002855281520239253
ck_e73caa3771ec5e0f,0.013532270224776955
ck_74928f5f91aa12b2,0.071603715194505951
ck_eaebaf4d28400fb8,0.011315575738402309
ck_ec5ea81cf813597c,0.0026972033724910228
ck_423ff4ede6a9f066,0.021944469088682805
ck_205c107cec528414,0.64719452164778946
ck_1df66f537496ca59,0.049548160170663082
ck_3646515079e6be55,0.01210335760310244
ck_b2c896beec146477,0.016693947764691065
ck_d80283209c963f11,0.0050190759721893815
ck_c4524993ec31dbe5,0.0096451435903654979
ck_9f7807ed64cdb728,0.016436436632025271
ck_8550f229b5eb03ab,0.0021765769128195391
ck_4199342d3aca74e8,0.037857305637592667
ck_3135c019696ee6af,0.88391865308495332
ck_5d01200ba3341462,0.01661357068566649
ck_a54dc042ebb7c766,0.15853435988721171
ck_ca5b1057f8248f73,0.023062434109723806
ck_1f7ee7b23fc6f2f4,0.013990398579541163
ck_92d782bd9ce0d1e3,0.0082427815156292644
ck_7b35d218ed0c5a60,0.0051911665990567613
ck_eccfd552aa652d3c,0.016106548323090629
ck_9b6ee35e8cd0b11c,0.0081435253496931793
ck_d838491d3d4f5ecf,0.011235966740263875
ck_3a34c3ac83cf84b3,0.0095574108839620586
ck_c08f622bcd6de6e7,0.022199220450854595
ck_2d634e3f24681c0f,0.012397989968081615
ck_956b5af6d7d86c65,0.80526837218972902
ck_9332bbc7125219a7,0.0046247171723133584
ck_8007824431fa803b,0.014535810239222114
ck_54b087bd873af8b8,0.013212303105276893
ck_e70418b00cbbbac9,0.037623249973925924
ck_500948a8d4bd8e13,0.016516755321279893
ck_48e84b0cb0b90fa7,0.022600027783581941
ck_1917ef3e6e345549,0.066740034808977416
ck_5c33bb46c1a5945b,0.018140245544924553
ck_b51a58e7f032c9a8,0.046182539996499877
ck_188fdf2be7c92e9d,0.98916824180669793
ck_4a103f8254b366f7,0.018608919747816935
ck_4388abce33ecd01b,0.69252615584012001
ck_321e740066fb05c3,0.41314565952361493
ck_c93def7392f0aff5,0.044549626229658947
ck_8582490d6e365a63,0.011576352144299615
ck_bfa17a0b1760e616,0.0033416720891339463
ck_65a23ac8e44eb901,0.026901791357354189
ck_bcc9cbc9ed8b7c31,0.0098897051557501579
ck_6426427efe3228af,0.019598574556609218
ck_eb264d1b180d4b4c,0.063553142296926421
ck_b7af9b2ee0eebbc6,0.040780420373329407
ck_79557434c129ba52,0.040616738299537561
ck_073da541ec3f9d3d,0.028741759112401059
ck_96dff7a09d45f116,0.015206160487141089
ck_8ec86e853ad52828,0.062183654737380752
ck_64f5fba6af67e024,0.08998866806506195
ck_e0fb11fc9dcb34e6,0.0080185091240200842
ck_361f535599110201,0.011946156564285521
ck_34b0988a97d96902,0.0055583832386621543
ck_337c5684510cf432,0.03096892663638022
ck_258d661e450ac870,0.036086084694707012
ck_6b55ec4e87a5e22c,0.049685488797840183
ck_638df9e8a22dfe0b,0.0019591793739647547
ck_e36c8da1bd359960,0.020972041146933466
ck_73188a826b5f499f,0.0032198459041211497
ck_286bfd719836e9f3,0.29743829472767647
ck_a209a5f7d172125e,0.0051071360253934755
ck_fd0483639811f62e,0.11574112718682231
ck_0d16d9349e4a9e08,0.0074053323379984944
ck_fcf5d4a4748cdd53,0.006219752791603533
ck_61e1f7168cd9ff25,0.038269838707044951
ck_b7f4baa2cc82fe61,0.0043102534640618089
ck_437f9ecd2016a1a8,0.0091378839246004564
ck_04219a7ea798db51,0.077580969958604473
ck_644b1c1149eea9e0,0.024294230129495137
ck_bfc82b3c1c9f2897,0.91669672994646589
ck_9cf44eb0237c2429,0.0066641194821671947
ck_2106e509d77fdb4a,0.39610802636989279
ck_49a0efb5d4067b6f,0.086004686616157622
ck_82f360df1e9f4eb8,0.073399654799415404
ck_9986c7d781ac6b4e,0.005033752022438099
ck_c8413898f5f7cb7d,0.02341821861906964
ck_b3fb83f0d772a831,0.014553777598473094
ck_a2299b4f530be0d6,0.29419999996733326
ck_fce0b6855886a0b8,0.012827354539403802
ck_162513e73782929f,0.02449189980052105
ck_3e9e3bba8bd363af,0.0055919200765827629
ck_88cd35378075c84f,0.0031355143592949053
ck_20541686a94fb71c,0.014665242419225276
ck_fa80da579ea9afc0,0.01059671784456976
ck_7916e53daab36745,0.087876072955115986
ck_121db7ba3be29ee8,0.058368929195239526
ck_01e5986ebb9a78f1,0.030974002592005796
ck_6c26c12071c91ff6,0.014533127071378785
ck_0e6e05c3cc8c8242,0.011943386721841174
ck_7738eb085e5753d6,0.018792646580189049
ck_2bf10be403849c9a,0.0047822992886349964
ck_3e6f35e4500d2f2a,0.0033367567422517763
ck_7a9f241d5f082567,0.0064583144524973501
ck_247589ff532f7aa8,0.011873944097733919
ck_d1c787c27d50af49,0.015553326175726273
ck_49c98bebd1338879,0.00286914426376241
ck_9afc3bb849f3a64d,0.014448642720372046
ck_1d40e4fc541abe93,0.086962263990944269
ck_4fd9dc00e1913587,0.98603951475457785
ck_c19371047a2d011d,0.0040247804009107581
ck_7d9f73dc7c4f90c3,0.20097941967522201
ck_8c84fcde93a04334,0.24826477438478123
ck_e09c97520eb0533c,0.034334718602461012
ck_a1e13c0d58560340,0.0026343074218536833
ck_cacc2ca410cbe80b,0.021891794878187976
ck_dad5cf32ab9f243f,0.019730248737996118
ck_b2cb9e6610eca967,0.0043429843104673968
ck_1da2f69023ca4c13,0.0025150016174706373
ck_25122cc0e8b1a662,0.049231759507965739
ck_dfee9de05e3971cf,0.0088787581144561586
ck_ca54b32fca7e94cd,0.013224864240215954
ck_384ccecd342a24ad,0.0033606296325478409
ck_6abf8302ce052451,0.072174994108478108
ck_6ffa90143838a4a2,0.0068600116571791844
ck_34f9951b0eca1965,0.020361781037721727
ck_9385f5a1eeebefcd,0.028874247046287736
ck_3df8da6f60a89a5b,0.031353697872036415
ck_08ff5bd467226a5f,0.0043857176076447582
ck_6eceeafd56b42576,0.15719499328599912
ck_f744e208183971f8,0.028762660422255577
ck_7b45ed23304a854b,0.0099673208689796677
ck_f88c79186a082beb,0.008897381965246396
ck_b78d785ca3ef773a,0.0079694871506574057
ck_67207e3eecc02d76,0.0068599621643681604
ck_7aa8bc018c2b003b,0.010105932325334289
ck_676fa5f6aae5475b,0.011482732420066658
ck_73c18e03e3c7612e,0.0073532815030865738
ck_d91d9f8445b9769a,0.33488502519903512
ck_f6a4a7ed27fe76fc,0.023389520438402516
ck_8742114f4f0cb22c,0.08850181371126728
ck_5c82444b3b9160ae,0.014210954961431505
ck_2acb54ca20c3af6c,0.021391635067219104
ck_15b93103ccd38609,0.012216617148669609
ck_16541fc15683e21c,0.0096531431440649365
ck_039e6d5a330cea1a,0.022792951474737075
ck_d8116c34302021d7,0.0067148647628319184
ck_e03a9d8ac94161d5,0.0047459515895517199
ck_eeb854318b3a6f0a,0.0054686687921210028
ck_e9f228845bf6e28b,0.071047065423210903
ck_203c2a22c0c165ac,0.006416869936227124
ck_5b59e859bed5b40e,0.011563745121159104
ck_7b61717f172f9317,0.90146352953643627
ck_114722e12db90a73,0.018044541369897079
ck_ccc7916b56d42195,0.0082181840596563006
ck_2dd147ce6d61749f,0.013715924174279869
ck_9ede51c8434cff6e,0.016272417212745836
ck_88a8b1d442ca3686,0.020917033233258366
ck_36d2be9012f7909e,0.018468681512690301
ck_495d814d6d6d521e,0.0013930120357666873
ck_6f5bb0c930644cae,0.99529493771904853
ck_79749eca42ff1f5f,0.013093671279355647
ck_cebb8aa8c8f62c60,0.012619425101751765
ck_349cc5edda1b8853,0.011374648763251108
ck_85df7b7de9700aba,0.011551672330958367
ck_e0983999ca26c19e,0.04573493121356105
ck_d879d645d6e44207,0.0039443005149612286
ck_a6c02ae50932cd9d,0.0083208598846207758
ck_50176dae5b1b716d,0.0030730757011615869
ck_d6880578428b965e,0.079278315880892625
ck_f51fe59cd445d2cb,0.0061212397552101883
ck_8440ef1386c07194,0.0039834547345561468
ck_28cb9b03e89263f1,0.0022465623613815615
ck_5ccc1a1c78cb33ee,0.081668967140472976
ck_e04166b0ce66393a,0.0038760290503993267
ck_72ff52c4824072ce,0.016494915254987613
ck_11f85bc705dbe036,0.013451060028054377
ck_89f3e380b0686963,0.022918829739543768
ck_26df74feac7ec51d,0.013093117461385518
ck_a9812ff3c111ea94,0.024675557337504584
ck_bf6fb7e6470e95cb,0.0018459881791121997
ck_cee4e4e1b62bf82f,0.040310224826178888
ck_7c560467daca735f,0.0015012938370873559
ck_f72a5a3b0d6c1177,0.0051066887670987533
ck_5fc90b4668ea81bf,0.014066835687049938
ck_c2a5c54ad8d0d297,0.023007820588999164
ck_7508aa554fae6afb,0.089883493381059248
ck_003aa842b7ca1d77,0.48466342773424081
ck_573feefba6bf78bb,0.080456600758061103
ck_83b2b192f41ee2bc,0.52750648831156854
ck_64796b6b2c3c7f06,0.019123663311665109
ck_5fd8924732fe403e,0.19320236334104712
ck_1d96d7fd65f208b2,0.02852597503100842
ck_9d00823bf60388d7,0.0085097966022388786
ck_0ee6965e68efc177,0.015882121715116923
ck_337e98c69f6e7886,0.011589100074975909
ck_b8e8dba20676d87b,0.035896594951510714
ck_f8ac3a0500c0ec62,0.0035240364306460066
ck_577c816b41cab002,0.67697819276436122
ck_05c97fc9de11aba6,0.1437300255103871
ck_c82364d87875a1a1,0.017075443050132845
ck_e43e53cc7b8b8e41,0.026082724092790784
ck_d07c5b0321c685ea,0.10003611543906141
ck_16077ac345472e6a,0.011623171129744429
ck_e07fd57565c94c28,0.018467620580684296
ck_a4d6e152b0076964,0.0039166242644801605
ck_9929723f65636c7f,0.99629842846958283
ck_d90b1d03ae151f62,0.015954307461722734
ck_a553418f2fba1440,0.015971169171501501
ck_105b0c93573fd5b7,0.91451714095908532
ck_2a01e610348b84f8,0.04296055274791772
ck_df1585c7d72a96e0,0.0061682154167008469
ck_df520a7a6e405889,0.047874426984889237
ck_2d9524787cfe1ab3,0.25504258300601196
ck_7f15b50b29dead01,0.02867894622121905
ck_fcb2a559474c3493,0.011250747440542989
ck_e5ca550b39ed45bf,0.18653934126882604
ck_d2ca47180a926ba2,0.036674744537611839
ck_0a93ed76bf36c8b6,0.0085844198984711545
ck_406c4442dee45cd1,0.0027011714737713135
ck_56de216eda6b7fa6,0.0023194952160655556
ck_3d56b477fe2370b6,0.035331248203985921
ck_edfe8e90e8f4366e,0.0084622238162832264
ck_2096d32f3d497ea1,0.039339408516053637
ck_c18245be844680f3,0.014306438338624666
ck_0253b3e7be021306,0.0078788435091705616
ck_fa5ba9ed9ed6a343,0.054891232485482694
ck_c9c99e5b19aeced8,0.0013416483789173137
ck_14b4bf7be6ac2b61,0.032410392759620363
ck_b7df99aecef385e6,0.055500827003856938
ck_17ab3068fa303682,0.010712575441415151
ck_592a3520d841d11b,0.020377496274202642
ck_094974d75e29fb2f,0.03942311632720457
ck_6cfa71d27fc27f92,0.011442641855765682
ck_f2ddae2eb1cb29b4,0.023585128387458434
ck_1757fcb0e6e3f88e,0.057044295609414264
ck_7afefa349b960a3e,0.0089965021872069704
ck_487f7fbc290e4ae2,0.010508368458105193
ck_28dc0de0ae291f37,0.023417107370412651
ck_2c2f080ba185016e,0.053128424389403878
ck_f4a2bb10afa85743,0.0098193251937312414
ck_9ad08fcc183ea1e7,0.0045100980272334591
ck_d08e00c842b75176,0.012884913478183692
ck_a3be871ca22ac416,0.0051781885282057849
ck_ab70961e7c6695b2,0.0041299640679815248
ck_c6200734c7f9b2f9,0.89285799751940165
ck_d0f470f8078c91df,0.019062117145090426
ck_11c7a58e09e6547b,0.030830480375900884
ck_2e0eedaaf2980c2c,0.0085094943658965885
ck_0e2bc3a5afa439d8,0.1172485506897622
ck_c416357d20238a4e,0.060257456536442454
ck_f0c44ee5e3a42e3d,0.021388667557472277
ck_8342e08cc2f9bcb7,0.003401956061496928
ck_93c0cb3dac4891fe,0.015246777322544047
ck_5c5284c45d9ad8bf,0.021115982736256197
ck_3954b7b0fd1d6614,0.0095862690986408226
ck_eb1ddfc353b4da83,0.034363553098411007
ck_ae668e4564cd2aa1,0.007646266420323013
ck_d89abbab3d4957aa,0.0068122901073786402
ck_364f8203a3e98d36,0.31158516339824549
ck_004fe0daecbe2c1a,0.10186163889028425
ck_a31a64a39a2c4941,0.0033646551447210527
ck_c49f25dfb39909cf,0.038009565861829832
ck_4ab74a6e7450416c,0.0088776708246007859
ck_55f50a9ae2db8ff7,0.0065468740315080577
ck_7a86ef4e2beaec38,0.0057334996888151937
ck_f67ee7910d532216,0.014590484352419086
ck_21860dd2159dff28,0.0054512667379011262
ck_63560eec94b76d2f,0.014329724600436876
ck_dd78cb6ae2866cc6,0.018072728600776643
ck_c1f4509c8f5dac5c,0.010125878279087255
ck_b921af37d500e139,0.011152487376726354
ck_e23e50e02cb3904d,0.036747508060032297
ck_80c4e9274cf976b6,0.98595156207650181
ck_4c352dd3e7c81269,0.029007668161805056
ck_1cb6dc67f9a321b5,0.010734575296599195
ck_497ed60723283c0b,0.14564790164720282
ck_db23a5100f338d72,0.026803673652632531
ck_57658eda1c59bc52,0.0021274175472107593
ck_94410eedfca91304,0.024303882715690631
ck_eee99af3598311b8,0.031292510507192749
ck_832341c98254bd84,0.012029407902297451
ck_094d10439b7b4eac,0.0086852563353862905
ck_2493ee8e7b91d304,0.015801904618918214
ck_254a7c97c36dab8d,0.017995434935076521
ck_f268416945316815,0.012369605052044817
ck_59e77e3a81f1fa0d,0.0044132105389511874
ck_614ef655f0685060,0.015156856271764406
ck_04d2ea38ee27770f,0.010518663669836725
ck_b89c6fa2ad0a12f5,0.0083830260271497564
ck_1805fcfc4a9e4ffa,0.87788508766404161
ck_3f5ae4673a9f858e,0.035463337901554537
ck_ba88a244d5f7380f,0.013584790690011166
ck_fc832b0c90c9bdb9,0.78627545613013639
ck_7109923fd7dab20a,0.008725207538023326
ck_a97b481ade6f7972,0.0090607979078564209
ck_f56200205280bddf,0.020657241328877404
ck_754f30ea19df857c,0.024546114203181424
ck_59fd11b3232de9dc,0.79989745714819871
ck_7519260415c2998e,0.031688334275291059
ck_b7f5acf5df1bb13e,0.014189398138452642
ck_46656a23f4456d22,0.37673628092199851
ck_994316fa5a02b319,0.0071579957432218125
ck_ccccb17d2ca6ce94,0.0277082142006582
ck_269f1746f2609ed4,0.0074598776603395462
ck_3521243bdac61178,0.014433190949062414
ck_cf920313f6dd28fa,0.0093775960796639406
ck_75d2a2715259c4d7,0.099420465423372892
ck_616cc31910f5de50,0.0051508278056173638
ck_31e70f2f04b48b88,0.0018620690980327365
ck_76ee10d6e2dba70f,0.057293322711380108
ck_05b2b04e11d9ae9c,0.017561966373684755
ck_8089fe7403c5f537,0.0078435447779539938
ck_3209c530c9812e39,0.0114317180675984
ck_fbf7351958ad9615,0.0091676237751813251
ck_0adcb1fffcb0a34b,0.024706181690613796
ck_8f6ca5d3b17eac6e,0.0032988873599205616
ck_77a40c7d2f862a32,0.027449496632926559
ck_73de0b49709e5f8c,0.011455846274492976
ck_e3982142336782df,0.014750833293613073
ck_c6a7bbd0adc4d5f3,0.053298985279360292
ck_fb04ecbaebb774bd,0.0088367318062046452
ck_de7259c3741db179,0.0071475046383179478
ck_b6f2a2fd232c141b,0.19205083586941152
ck_91fa5032f7aff0f1,0.22781775310428809
ck_c5f8ab515840a0fe,0.0062960157598271112
ck_b0f8f5408662337b,0.010720224096996959
ck_eb4f4267e24d042c,0.0069681950242368139
ck_8cd1b68dd74b1375,0.31015846718757201
ck_3398551e81dbf3db,0.035019114207290071
ck_9a881d5433126ada,0.014983050656990397
ck_9fd0be2c018ff5e4,0.025822168223290424
ck_364cde38958b7af3,0.22664161911429986
ck_8c95aeec6a4c75b0,0.0064363930425503264
ck_2595669e421299f6,0.023173136243557914
ck_1402d24dd623df72,0.010220478636351421
ck_5c2d43ff841632f9,0.0031966047147542671
ck_791d5392bbd80447,0.011583426067317932
ck_f6e9d14dfb6f3c28,0.040587642560093951
ck_18df83242ff3cdbb,0.027069593556661629
ck_c363d3b050baf3b8,0.013476577615855977
ck_f8540cf3a8b2f8c9,0.030974002592005796
ck_dbc487cb0a6c18da,0.78452143189752421
ck_98831b57c7ca2e4f,0.0033441299554123781
ck_a6c7b8d6e8596d4f,0.1322942257959151
ck_13f2560c6a1ec62f,0.013009749986959314
ck_6c48c58678f64bae,0.0027137907833955036
ck_e0346d5081e640e8,0.023545963403112644
ck_0c9e420f97baaa06,0.87111666901510387
ck_da06d97db0b18851,0.0043183908531412313
ck_6e4f31bd108571f0,0.0045134640365597656
ck_120e995d50956bee,0.035068710669948905
ck_cbe525da0b69f18a,0.020088976971549301
ck_b62f3e3185251f71,0.0034597378470213646
ck_1747fcc466f0ae38,0.0038016623763739033
ck_c6afa913168ce8fa,0.0096916609307835522
ck_e12a9f7d027e3387,0.0033703470653072172
ck_ddf787359d2b5deb,0.0041725836390112481
ck_e1140be6157bacbe,0.0075982334534192581
ck_47d3e8d1dd3fbcef,0.022210325237234804
ck_f90293f1eba5d7b6,0.046873527615334837
ck_2f6e64f638da0f97,0.0082804513821354703
ck_25dd0b02af5b2f37,0.12836970126151703
ck_a2637e4872cf4811,0.15823834200116615
ck_2ae44938847f3852,0.010186220271468848
ck_8347455ab53ff620,0.0044306674219152511
ck_7aa2deeda0e57412,0.99663603750132457
ck_f9c4f8b4ce2691f0,0.020191444737814496
ck_e5f7b99ba6ec5767,0.010668195130596156
ck_59371c9140239fd7,0.015395790229114963
ck_3380d60067b4634b,0.007638092877570374
ck_27466468d06db4eb,0.052363990494389279
ck_16d2d27fadeeacf7,0.010324356055960889
ck_0d5c0736ec76385a,0.0065186905471952333
ck_8053f1879a9b4e43,0.01190964421442571
ck_ecf9794349eb4b3b,0.031032955861866635
ck_913ecdeeb8e21a9c,0.018877490675267426
ck_687eab3ffe1f8cfa,0.022814067208296936
ck_e4459115cd8e5e4f,0.023829309529871202
ck_1964ee9db929a173,0.71484330743821389
ck_77fdac602d0c6f95,0.050505881368227853
ck_1a28b6a40a6bd3b4,0.042833294647728913
ck_bf285dd49f372de4,0.009635380287075692
ck_eb6baff0f85ba936,0.030131603052517296
ck_a9bf75bea912027b,0.047715782628307196
ck_bb4aec09d4968dda,0.19262495488245424
ck_48011996d54855ac,0.19138969079052781
ck_a1b4c96faed3e0db,0.030378894634243543
ck_8cb20053914692d0,0.031372571631279669
ck_5f52728d777ff2c5,0.0099391859197600352
ck_d66f42a269d5c1ed,0.0081289462817120493
ck_244b897bb4d57c1f,0.0043293934454997195
ck_4eadbe7298b15e96,0.02182493791763368
ck_179039559ff7566c,0.019845729116428741
ck_a60fe02fc04407a9,0.039427189957578219
ck_baa47383ffd50f04,0.0041286749372661637
ck_3b1766a1d51f8f0e,0.16755006479302198
ck_abc54ed7111e9ed1,0.0061214934676323681
ck_2a46b7ca55239413,0.0073566643343179394
ck_4ef9de711c3d93b1,0.029349320625606194
ck_ff822700f3605e06,0.99759769879357019
ck_783fe5bc20cd02db,0.022555891332616478
ck_ac9d3d9754104cf0,0.0042722324744329963
ck_9800c21dfbd8e811,0.0096899562039313974
ck_454b9e21b7f25a4c,0.0042214132252558836
ck_17946516d5df71d7,0.04742086106355059
ck_b7e7f7d0cd886412,0.11331807347429083
ck_9eb5b3f5f672c2b1,0.01498203853627594
ck_089e3a07abbe3b8f,0.008282671613410458
ck_6a28ea6ce69cb869,0.094141253540201225
ck_3be854e42e76569a,0.014688572250095001
ck_d3e2c26b8adff099,0.013624606218993666
ck_47de038381a9cd65,0.034323420559441861
ck_e26a6659c237b650,0.020609220703866206
ck_7cf301d075e4e709,0.037337322312029242
ck_c56a44fe315c0389,0.0076209498276974819
ck_0e70516fa07cfb17,0.92627872894051699
ck_d38f941d09eec820,0.13469375133386485
ck_d6a290ff8362c7b9,0.18489817635527467
ck_cda72f597330d0f3,0.0057538159922382384
ck_7c4f12d70f184533,0.0030473108177740114
ck_bccbf9fef367f00f,0.017033345245059783
ck_710f867a3bd5898c,0.01504542079107697
ck_be05447853d423a9,0.0029009623420157768
ck_0414507baeea936a,0.028451706643967973
ck_60796eb60fc3043e,0.012430657523954031
ck_d0b32e039abb8200,0.010523155245637014
ck_9060f4e7ab7a1b0c,0.0055004650032001706
ck_1e0841ed17fe0562,0.013216407541216675
ck_d523f0e50a2747ad,0.0039909629382524096
ck_e322da8b213eab52,0.0046405622898793679
ck_54b0b070689c50d6,0.0027006540004381767
ck_e7dce27edb700f27,0.009893580662386289
ck_79e45040dbdd6447,0.022228525962945896
ck_259eb102342057ea,0.014876130618729007
ck_cd92852d7376a4a8,0.0059009299268267933
ck_a705c61bd679496f,0.019229649522521219
ck_4bfeb78b47b7c6a1,0.060029187509468757
ck_f7112818a6d81422,0.091968396549236081
ck_c2504f5a113433ee,0.0059619210769210904
ck_9915ceedf63a5289,0.15046365433564673
ck_bccff46fb0868454,0.052261521382959475
ck_db8733fd92f20cd7,0.035023194410057149
ck_8f3ccbd20d59f1f4,0.013730980846794531
ck_f77dfe6512eae322,0.04323607534259679
ck_957fb25437c75e41,0.055432521192821077
ck_46225858a38b2e57,0.0083044251801554468
ck_f637fabf0f60528f,0.071859787143742651
ck_e6a6caf6e7de17c2,0.014135178322613896
ck_f7bc569b37e8bdda,0.0082801269823654065
ck_e739eaaa7a1822f2,0.009124867166466228
ck_8409716d174635b6,0.02589695943255586
ck_04e40f556a5062ef,0.023854925279367153
ck_fa3b1e85d27af2ee,0.043401219535043063
ck_703b375dd86a6124,0.019382433886353561
ck_63ce4f44c92d7143,0.05696052077940858
ck_0d641d32658d6e0f,0.012849154922007775
ck_6a2c4edd82e10969,0.0027170824739808199
ck_4c5ff58afe3d7a67,0.0081026671888697905
ck_6b114f2a48152b96,0.0081769396733155312
ck_e842fb0cf055a83b,0.084078976037218284
ck_53d17ab97de1ac3e,0.017977329380486091
ck_8bb9e75393954a1f,0.0059936330038564672
ck_07cb2b6f2a4303e1,0.016606752397358891
ck_31631e2028d4f855,0.010174024914172682
ck_4bca22b5926b9c28,0.0033151536537226003
ck_1631bab0ba1256db,0.010847122827827904
ck_41d91dc9f5063566,0.040502794647751597
ck_cd78f0832a09bd8f,0.67580377284105286
ck_d5194f2e92fd6427,0.020016536474765936
ck_e25f70d0b7229420,0.015559204758889023
ck_1496568ddc3b2d56,0.014799818609315674
ck_53a6a33060d5c8b8,0.053583366190489576
ck_1dbf1f15193197db,0.03757738490107225
ck_5c85d93ecfed4b0e,0.016673975650920818
ck_2b359a979520276e,0.003810564634830216
ck_1c93cc58f314bf71,0.028835324356073951
ck_9341c7959543c542,0.0058132668263592702
ck_1da9d40837ebaa57,0.014661362584040735
ck_265accb3c5c32620,0.069038769655521803
ck_ec4e597f17f473c6,0.010497815643381736
ck_612089ec90c37219,0.0043177362085956277
ck_c6bf67470f526771,0.021811180278726805
ck_6eda4c36aecad602,0.0077169849243534849
ck_e62eb708d2688fae,0.018065991590019891
ck_e21a900556b382ad,0.014717712926186845
ck_fa3a766e49dc77ae,0.0035872773300045626
ck_18a55b06ccccd88b,0.011841853175116348
ck_6ba091eb42ffa9fb,0.053922597288349791
ck_7b8cb0f90fbdc8c6,0.0083113459892931903
ck_228a583f23abff48,0.010338845274040344
ck_a3ce05e9e5e32142,0.0041748396201651923
ck_fb4797045077bc6d,0.0051224478572113354
ck_5fdafeaec036f016,0.012185953344160567
ck_e9e8cacd2fa35e79,0.017318542534295069
ck_ff182f033134dbb8,0.014103941948378374
ck_0cbd3b27063d4415,0.098931023197538881
ck_81709736281fa3eb,0.0043495998640139168
ck_b0a0fb0ee9ebf106,0.036091273785726879
ck_2faf7ecccc9fec58,0.0028192790410363528
ck_d251e9fa09e542dd,0.99129330848203967
ck_32f590e87bc3d715,0.00087310832734395407
ck_20de8abfd8960ee3,0.010065008833623833
ck_a60e6edc48e3d0ac,0.20979123300247277
ck_905e460591d9a278,0.030332380432497023
ck_2ca83dbd728af019,0.0057777424581298004
ck_7061786fe2f22f5a,0.015400899854422261
ck_821446adc95e6da5,0.010409593175655015
ck_b1182471d9ac6b26,0.0026765485300592889
ck_59d380a0973b3951,0.015644459609535116
ck_f7fbc95ebf584379,0.0086349681618590936
ck_8e9faf94e3e6c757,0.0034524835172603488
ck_d9ba2a6c0d926b4d,0.0040585681577016627
ck_4d3aa36ff83f1132,0.097115028899106934
ck_db906debc36a5d1e,0.022433092750571502
ck_329a73dbd585ee09,0.01324911285600381
ck_f6aea576cde8d592,0.0034993419917974597
ck_c40ffefe4e30b001,0.033397823817451322
ck_501dcf1ead036d2b,0.022908042517416891
ck_8247b79ac67aae7d,0.0065753755646077282
ck_e48d14d5b70ef5aa,0.01683499440034723
ck_f3ab5dd853d38252,0.031870597700141987
ck_1a0aac7f7b94b1be,0.091964238643361257
ck_d4c8f0d957c3965d,0.04418531193068545
ck_9e3896c2668ce06b,0.021345206942243216
ck_227602ad072b838b,0.003499754985983706
ck_9aa899a5230b0963,0.026511854304481143
ck_344b2e326a6c3dcc,0.0063401005025097504
ck_baf43bf1bd963f9f,0.016380200420902716
ck_e6c584b4b1ad6d9d,0.0093332153532428297
ck_ab9f0e08af030060,0.015490280138186187
ck_5ad798286384484e,0.0059611859581732655
ck_ae7780327e210522,0.012862602415037012
ck_185f15b1523bbcf4,0.009434915227003491
ck_bf378ea558a4125f,0.73337286014186487
ck_1325000bc7f35b5e,0.0036754382821573145
ck_98e1992ac8e7d2de,0.082480226488713004
ck_71fd8c346fde5cca,0.080954016564819264
ck_47a884dec960ff2d,0.049255726640388214
ck_2dcbb71e39d64305,0.022002221261752539
ck_d546994fc5d3e9d1,0.010111454573271507
ck_c2c7d1e45a521857,0.039425098756416165
ck_d72035cb29db3aa4,0.013776004901781137
ck_a0498755cd8d7188,0.00306651325967555
ck_a9aa389688ee5aea,0.0076571330178747416
ck_ff24776280ceeeed,0.062350083736999615
ck_124432fd5c92af7e,0.40346576667704487
ck_b27a9e39726b26d9,0.006307034348604152
ck_c4a72c09f2fdacc4,0.011084166427908925
ck_bf47375e41ca3bc0,0.0078364614776964235
ck_4c518637db2322d5,0.058425811493651891
ck_9e7278fc7679f002,0.03137789720543905
ck_b9facd2210daca5c,0.061937314015591383
ck_1c607e24f2c4397a,0.03314651438296521
ck_b1e81b58b9a545ce,0.060752295577734247
ck_9d5049e195eda029,0.0090867451162981311
ck_29076a13f539187a,0.37809903437334991
ck_00013fdfa0bd37dd,0.008420068769215909
ck_b6675a04df1a4276,0.015649989825366632
ck_52427b3f8478db19,0.03126040423905467
ck_3b810f15ca0eaa55,0.0034927253776464765
ck_0f6d916c92189516,0.0097851949788202563
ck_b3dd1198ac5aea73,0.0083605708785236509
ck_9776cd8263a9f415,0.024925880342533152
ck_7d51c86e0eec72ac,0.0061535111819906322
ck_bc2e771a1d8d2dee,0.11249098911254397
ck_c10e54c9db29e6ef,0.99257469249386576
ck_7184ad7709ae4c80,0.023841276723765403
ck_e55f5ca37f30ce8c,0.011045970332399142
ck_fcfe06e44d09a344,0.0086681920722323693
ck_ab3426435b0017d6,0.054854760697699442
ck_c383aeabd53e9c89,0.0088413672627853709
ck_71bc01291e0533a0,0.051666004317485567
ck_8220da627e9992a5,0.010015063300574624
ck_91d417507a8c58cb,0.1702107218759942
ck_79d6793d1d0cf43c,0.012966558965260463
ck_8d84d771a21942a7,0.0091447668474988683
ck_b046a42684468e63,0.011879925383117915
ck_1058129ed7b48c59,0.0098235985484031278
ck_962e65ab33b5c311,0.93083449876557245
ck_3ded7a8720d7e311,0.0063013970636869778
ck_9da82e567074da9d,0.011372121849570708
ck_7b1319a5ca2f63c6,0.94620544411994012
ck_2cfb9a7775e8a5bc,0.85536211192367739
ck_6846100e43659bf3,0.0055525039604019137
ck_c72a7d0d03cf3e17,0.061347432965422791
ck_fb00aae4e17740c5,0.014287584012241292
ck_2770b0400a7bef08,0.065732656185955696
ck_b36086ae6d87eec1,0.0051302926043668619
ck_ea2a83ccb8d57490,0.01077507396622308
ck_4be03a2aa62b93c7,0.0031046173994379108
ck_2786cbc3e75ec034,0.058747987178114115
ck_ae1da8ee98e402a4,0.012063209373559806
ck_b5e54e22e3d6960a,0.01384567969293846
ck_3d139692c51b604a,0.056116372036185344
ck_718a8390b3d42d7d,0.0077664146086316842
ck_62081bc35aa59931,0.0095859519999698661
ck_7c7266f6ef2a8466,0.025699292189427951
ck_885cf685a9541190,0.96247027128801488
ck_2857a4ce9f72fbfa,0.0040367908346582056
ck_0ffdff7b2f5fdfe4,0.017016572335215991
ck_01a750db6fc1168a,0.20526810889795932
ck_7eb4f33260f1dcd4,0.0093396215223328985
ck_260ef2f3e6434819,0.060707685937228209
ck_544a9e80b7fdc279,0.022683721295853821
ck_97d4bd922996fa10,0.055137090301340945
ck_795c49f312640019,0.0020207826042581483
ck_0f8cb09d3f4fc980,0.21950789183189559
ck_69eb0b2ccfbe5f95,0.014617271921102492
ck_44950df09ff14ded,0.0044220493790960236
ck_70d19d5650ddc8f5,0.015672712739297937
ck_da39653add0f1109,0.0028049652807666308
ck_b7431d4706461ec6,0.0030332667784374627
ck_2f6a639468f41043,0.0034379437359946243
ck_5a29b7018e43280c,0.0036001449309965932
ck_18bc51bbf3ef198e,0.032901637654691444
ck_5486768475af7bb5,0.58760593913034609
ck_edc9668282e3c8cb,0.011828725744370321
ck_b64c87d5e3b10e6a,0.61307850680056009
ck_bb399ed6bf28c230,0.017639680667318046
ck_7ea52b6f27edcb73,0.045296296939217329
ck_0789a05e061b2784,0.33915115799397111
ck_29ea329fa40ace62,0.01253248201973859
ck_0034d010d28aea78,0.018248591427631126
ck_b52b99dad89ecdfb,0.017780532900602483
ck_e7b583acaa3171a2,0.087455568353401986
ck_d2d4282f9d256b3e,0.018710733870184976
ck_130d3848b9dcdb05,0.0076869689169753765
ck_4fe4b072f03f2c1e,0.0031420829713660493
ck_16801e628e883d78,0.016580881471754749
ck_610c7bcc1cd7ecb0,0.017572421688956952
ck_34d6d74bb3ed11e5,0.0051262523034280617
ck_e87897767c612942,0.010037728486954958
ck_d902183f80cc81fa,0.0099118477059131713
ck_df69858b8a8b3165,0.017433285687880849
ck_90489c405e6886d8,0.0023683963776380155
ck_84d07028b5fca2f6,0.011726084418563936
ck_d96c893721385e4e,0.0041890101199871963
ck_f65ab819373edb37,0.021209779257708047
ck_21cac21fc10b7768,0.0049504064140134425
ck_a0255ab46e122d2f,0.004926501245975776
ck_084322dc5a3a86f0,0.011611986735856164
ck_786448fe3004cbd0,0.0062758868476963416
ck_e155cf506b2fb699,0.0028936896244441271
ck_5984be472d2bc267,0.17186337264889373
ck_dc3d8b5c17b67ae9,0.0074503711881162855
ck_5ab68b434ad53fea,0.0062857679822342976
ck_2bd73d9098504760,0.02737704641649728
ck_d21b38231a8a9f4a,0.087110293347382198
ck_1dfa91405d7e66bc,0.0097665201626246853
ck_ecdd01a391610d99,0.013385740235892143
ck_f928dba0d587d7c1,0.0035827253043966556
ck_d87e26eb5bc84b01,0.0038597966162437557
ck_d66d59981307db93,0.017840907384911356
ck_07f1734be7fac56a,0.048611654905563614
ck_a9b0c4dbd7db6a91,0.016062850571039032
ck_1587763dd54688c9,0.012065876348703829
ck_dd30558576b45e7b,0.0085932480946479782
ck_4cedf26628c84f26,0.070937759460322949
ck_a2d709e7eb91e4af,0.06910592441869326
ck_3c48e0cfc2a58041,0.38691506926900998
ck_b8fd61a8e82bce32,0.98580147512223393
ck_7a1519ad5ff45312,0.0025755526566521554
ck_9dc23031b6b494af,0.032865363853082641
ck_9ae904fbef56065c,0.0060197388691693287
ck_958acf84c6137a22,0.011433903357843909
ck_fe6e168cdbb46b9a,0.07308418653947947
ck_962c3bbf27cd4b80,0.068224254660333689
ck_df1a6edaa3e6b271,0.0058329574374388383
ck_df0a8f20ab8f14f4,0.033796134702211718
ck_b0a947b498e47018,0.024729024463346613
ck_b616b6f45225f319,0.035560521140727684
ck_ba3a6be026c87079,0.002861298308586759
ck_bc7710f7e9fae649,0.0067696775935375975
ck_c5eefc0697451de9,0.026103454970811034
ck_e69195a3c885053d,0.0025414852070594195
ck_52e37e2170532e2a,0.21109003719678957
ck_826a27ff7555192e,0.013857024108171412
ck_08c6cc1e143475e3,0.0088808169875921206
ck_923d6a0f83accef1,0.0072546577795505086
ck_09a988ebcf062297,0.046179536131572399
ck_17de46314b5c6a92,0.027420001102218147
ck_6176baea8cbebbb6,0.0066973379112338178
ck_e74716a525ee5b24,0.0040547917493687514
ck_8fea7d915259f1be,0.010824828504578164
ck_ddc11fc481eef58d,0.023971185510528081
ck_4feb21e2fb0b3977,0.0095201824691083167
ck_03d3026107175dae,0.02660477318054905
ck_6ad56ef40086dbe4,0.0079848427801542179
ck_e81fc223bed3c46a,0.031517533605898429
ck_862c7953bdea48b0,0.007122151453071256
ck_c0dde2a6ef1e08c5,0.0052443577579727469
ck_660f0006780e87e7,0.022741020567799253
ck_69887d0a9aaca6df,0.0075336104742954203
ck_a95f212a02433d23,0.013504724285059182
ck_ce1e695884511479,0.015919049694272977
ck_ebc5a2c6cf88e252,0.017401121592150605
ck_2122e9bb1afffef7,0.0070501237733512712
ck_38730aace405f2ae,0.99135449895288408
ck_5691cd6fdb6d8147,0.017778044444561901
ck_7dadef33f5e2d94f,0.99342370061916063
ck_278b36c5932d9bff,0.0025406246786614413
ck_6a892dd5d05c1649,0.014106095345572885
ck_4a733aeb833406f4,0.010397489005697123
ck_953bd5de48ccd70f,0.59011639216062761
ck_3db59982cbae4410,0.019479558657796131
ck_b8d210e741be186e,0.0017572015891425367
ck_7d6bff85e7a694bc,0.0083116011173197963
ck_be86a1db08dea456,0.013856756989059279
ck_f761b7650a0c1a85,0.16221421075060313
ck_de8494b13adeffb5,0.0098334412277911246
ck_f854fba8f4adae3d,0.069184736018803566
ck_b98e9c3ec6e7d1e7,0.0036506202546998223
ck_ccb72a33cc1877b7,0.0091174907567198663
ck_76997a33c3ea5107,0.0055500196944979945
ck_d00e09e66ed6458b,0.12752285800516591
ck_2bd96ddb8c323d63,0.97985318142021605
ck_f792586ad0381eac,0.023800021049160375
ck_1eeeee651e05d535,0.056321569287321842
ck_fdf0c5b722d83464,0.01491565794221745
ck_a823f5bcb0e4b9df,0.0014984878653631116
ck_28f530aec8e77130,0.024575098840700662
ck_80b04344c98ec072,0.018939458530700507
ck_97e56e6037024dff,0.0056048915447183215
ck_7c38ec898f0fc21d,0.0082782955512393265
ck_205c3405045bd835,0.00773900948691495
ck_b456f62b80e21557,0.0024148230767889298
ck_1d6990d94a4d2ad6,0.010863506269407283
ck_a574a08edaf81781,0.0057788057806965757
ck_c8f2a1dd8a6141a4,0.005444678888486593
ck_51440f64f7250ad7,0.057550297217101656
ck_fa7de64d37287615,0.024980549079828607
ck_d07bfb16a4a7dac0,0.82628841091110528
ck_0d362ddb4a1cb6d4,0.022550157241452713
ck_292f81186358b0fa,0.0071961170078170683
ck_d6e7e257751c299b,0.0095510279133691027
ck_1b5b75762f033462,0.0096460991622738523
ck_152671fbf8a9a78e,0.056837443880584176
ck_c0cf50eef030b401,0.0018659712480660474
ck_c1466b52c0a10b93,0.023068778765469845
ck_d208494cf5c90047,0.027751976415740676
ck_7fa947a0b1c1cf74,0.0137355036262592
ck_6cdac067cc4db5c5,0.070114599400193114
ck_e3894ed88a7977e4,0.00857276778740668
ck_53f55c6e8cf2d432,0.0054410494347525099
ck_a2c3e82fab520483,0.011517432707849457
ck_519a26ecf3d29c90,0.011198501612230887
ck_1a415416f620d49d,0.026414537431532804
ck_c24b47184534cc2c,0.99446873100254407
ck_b2b63ea65edf1dde,0.036055399888673186
ck_482dea6eed92cbbc,0.02424869571555742
ck_7297bff2b7fdcbc8,0.0022063609720991712
ck_9a21d183524734aa,0.043080924856289463
ck_95945f48453ca532,0.016484742657720926
ck_6fc37dea4b4f35c6,0.10095489515742043
ck_afaf374009d3b248,0.010347690743773374
ck_10de0b0d86b17839,0.0063482202325957091
ck_142c00f9f8557504,0.025913643942678651
ck_c0133f60d39b2fb5,0.022800372822472163
ck_864a11202e19e812,0.24543811945158858
ck_3f943f20a9da9bff,0.010132844871419839
ck_7346e4f820d9c00a,0.78805203499451026
ck_9790138467a06223,0.002207243824177656
ck_35b1939c48182a9a,0.0079937678704508925
ck_11f362dca2dfaf5a,0.013140743849261222
ck_ae0a7be6b0a0ea68,0.0082217042062094469
ck_0af5b7d128035b35,0.0037599252502279103
ck_8d8226520722af78,0.017673042954247372
ck_de58ef6f9fe2b546,0.005464124775300342
ck_0274d881d6db82c8,0.018637622955154205
ck_c88fc1bac79fa6d3,0.038221417215725174
ck_826ee896c9f1144d,0.12830510148921262
ck_3b436cb29af99f3d,0.014449044161689184
ck_6f8102f62c876cc9,0.016566918141160163
ck_20fad010969f1abf,0.013145850239608511
ck_23aab322810b9fec,0.0087250916188194097
ck_4e329e29dfa743ea,0.38824876471791825
ck_2a7eba01ceba6c2c,0.023241448974753984
ck_9eb1da8cd35a50ce,0.0060842181265082359
ck_da1a2450219dcf19,0.0088753854659860739
ck_3716c6181a5035bc,0.010021692091686973
ck_51fe0b613c076cbe,0.018304522497917076
ck_8584fea2df4c6317,0.031595719654734677
ck_ea623358f704daa7,0.14691778584124085
ck_ca491debd3b32a59,0.030884168577866501
ck_18c3a095606209e8,0.0055017933738808677
ck_71db4131d7efe218,0.0128294790532345
ck_a76e8d83b9141364,0.022330336658901162
ck_5d5ef9e75f65d076,0.055867764183201024
ck_683af7b1540a0b22,0.019600963119362824
ck_e8d37262e859d9a1,0.013900332473285516
ck_de5bb7a4d091386d,0.36605343439371379
ck_970c7dc195161272,0.0025070790167304349
ck_80a64a7f0275a71d,0.028497212439432977
ck_04bd8a1ffaf3ffd8,0.0057469315516337979
ck_77e0589ab339ca66,0.018542751528021248
ck_7baf1e55db0dc558,0.010574098161711537
ck_f05f5e4b40afa52f,0.048235158854577437
ck_dddd14091ce812c2,0.0080071646816960804
ck_12c46bc52bf45b36,0.013845017768800788
ck_740d8fe8028b5a2e,0.025040875743475646
ck_cf78169633a1600f,0.0036579475638240447
ck_1a3fd2cc4b4de196,0.0064255480809934269
ck_f4fe78e249092ab1,0.034088668828882784
ck_966901ea9c77cc02,0.0063196425993054858
ck_f9fc468915afe49c,0.014712663072646435
ck_af3f74b1d75a5d95,0.010483876104997659
ck_af70aa32c009c3c9,0.0095731652082064848
ck_da645ea91d66aa6f,0.37201270307333123
ck_e15e3390f5ed45f3,0.010349019462987292
ck_5f87eb05d18186c0,0.0041633529682106596
ck_a61a879dd46fc9f2,0.016660694986328467
ck_024dcab126876002,0.0081488511927643292
ck_819b482bca14c068,0.49834825657838017
ck_15220e78d1545e40,0.020564250700994196
ck_2ca0020038bfec58,0.45937904090251047
ck_fb00dd5021642507,0.024201499812911025
ck_2737a72de6b700f3,0.061536315732896182
ck_263334d722ecbc97,0.55158180542945145
ck_ba1f6dd43fc8a0b1,0.0074050517028052664
ck_5a22cb36d612236e,0.042277112758488222
ck_d86ccf148c06c8c8,0.019507752403415533
ck_60b023af6d1e30bf,0.49320885879720111
ck_1c8b94efe9238f5b,0.0027423056236383454
ck_0284dc2b4f856b3a,0.20622474824328671
ck_72e550559487b919,0.0090787319313668235
ck_7e73e1d44ce82ed9,0.0067652034569542956
ck_f8dc8473c2772729,0.27142170688259881
ck_4596624a7c01d501,0.009773415737312165
ck_04e89fbd739243fa,0.0046994814305917967
ck_6149ffaf18872dc8,0.0028826691616655811
ck_e0171f91cb3411fe,0.0093939719994661514
ck_1ecd5516c92caa4f,0.0052132265976934222
ck_21e3b3bd998745e5,0.036644889674880256
ck_05ed92a7c3e10e5d,0.027684192305795916
ck_d6fb9cc5171e3e9b,0.17296252675523766
ck_f0cf85b67a9b840f,0.022423238135940163
ck_c58bafff7b1955cc,0.023430463783764961
ck_06280e6d6d2485b0,0.0061882291929829464
ck_99d3983f907828bf,0.01927191943531785
ck_05ea4440dac6cfad,0.01592654408667463
ck_5eec9ed855c26000,0.013660528370019621
ck_5ab39bdc9610f6f3,0.43219685271272257
ck_c35d444e05799db6,0.025828691626027876
ck_87cce4126e215153,0.016733546069386596
ck_713649668a7ca824,0.011052270162284682
ck_0b0c93039f987abc,0.0056699332979756835
ck_6d07d6d1bd227d37,0.13121317308180619
ck_e00e82a9419ff086,0.013498077990378537
ck_eaf3b6d11bc3cb11,0.010824807226429567
ck_2bb7c17168a9d17d,0.04436962065782063
ck_416f7ac57da081a3,0.0095061524722123477
ck_b60de9e97aad9e45,0.67272952825481125
ck_7973edc9f22ee7b6,0.014429538087340594
ck_8452b6cf97c65a5e,0.0089145216699660842
ck_6fb39b60c67d5475,0.0039110931884673017
ck_785fa45e86bc5e95,0.0050284015227990463
ck_3eba1fd2c7acc4c0,0.25205476290949552
ck_c10c8bcf5bcd516e,0.051421911094585195
ck_2825e34dd3e7ea2a,0.0042964112762196357
ck_67f3794d93e2dd67,0.090641255891852082
ck_9cbd9ecf8374f65f,0.0070534881803069188
ck_32246c62640648d9,0.002886580662987723
ck_f301f6758e170d66,0.02981955183081459
ck_885a83975cea5e64,0.01607316005936902
ck_0d2901bfe585c391,0.18463123747552418
ck_52453401f88935da,0.013163690455394634
ck_f9d481aa4f9b2808,0.94221572293423306
ck_18c179b4afc4fccc,0.0058524303964805598
ck_a477654d34783e06,0.0048485335043511532
ck_7310cda3bc65a73f,0.0056521542249980145
ck_c20e89afe575549b,0.017293127506985757
ck_668ec61c4c39cae3,0.0043045335138113738
ck_fc2cb29918631f10,0.16066007253185557
ck_15ce50f2704227be,0.026547821085685153
ck_0c533ff2d0f9962a,0.013608875990811582
ck_5881b174e49b04ee,0.0070207214400263007
ck_371bd9388b287677,0.0017669621489362023
ck_91a16336ce3217dc,0.019441659679125166
ck_a760d38d1bc4de97,0.011239383415135029
ck_a9dded7f6294e44f,0.019298050594381971
ck_c8a03c516ed5b05c,0.020285070064797444
ck_25bfca1d8eaa152d,0.012321723408532787
ck_191673540d8486af,0.01572504982892205
ck_82eed68d05a42128,0.014331796199951907
ck_24b0803447211bf3,0.018869412285966419
ck_023908db0a193076,0.12075452760607243
ck_aca35dbcb835ad02,0.025981014515102811
ck_248b3659a9239240,0.0052575647346190038
ck_a51abde881ebeff3,0.013246866344439667
ck_db9b9d5d30f74070,0.192794015611432
ck_8b3401b44aaae728,0.0059374128531525638
ck_0841a5c24fd3dd28,0.033249953571882568
ck_541b6ad5d2fa5a39,0.020834615878324546
ck_16c7bf94ed3e7a6f,0.0021963357745073374
ck_c82897ebffb6ae66,0.011768239952076423
ck_b4a6bb4689cd7cfa,0.017559275055174083
ck_7c4f42c5397113b0,0.011314972169932188
ck_73f124f075ede0fc,0.014275320566925423
ck_7584e7bd755cb28a,0.0088469449566112735
ck_9f792e7e721ff7f1,0.004771402304692321
ck_c735b643d3cbf67b,0.0085785982253166748
ck_58bb02d98e2b9cd5,0.019214638979816311
ck_0d65bc749eb42710,0.019586043762509824
ck_6c33cb15b0d8af54,0.0053420548385923437
ck_c7f6f45710bc050f,0.010295654056270542
ck_aefa0d8d933e0eca,0.012036774890523506
ck_c1ee56d65a42f59f,0.074158543294644774
ck_66147fb994495396,0.36393381354630239
ck_06e73afdec26aecc,0.15443300833157175
ck_9fb8e3d38cdf276d,0.94445136229498239
ck_ff3998d6858daa21,0.0070591205356763725
ck_7f188aaa63d1d442,0.004048265152273401
ck_c7d444d90fa86d7c,0.20830046766508784
ck_d68d42858a55adff,0.025606059199923096
ck_fa7d5be26bf7b31c,0.17039373253773857
ck_352657008983fd4b,0.046891564876911915
ck_7476e7fe1ff45545,0.013937405364005135
ck_41406cfa209b6bda,0.010403633827579938
ck_475ebccca25e30d1,0.013436879000554536
ck_49ccc3716a564256,0.0042941140364198688
ck_04470bc93b8a0d71,0.011202294390603763
ck_084cd84501012218,0.80623282170928912
ck_684609767df4a14b,0.044163354206599156
ck_3e4d02a04be2aaf8,0.049201404264687408
ck_f01af1b0c977cc06,0.0087538241993092344
ck_027614eeba8b1a4b,0.0055830574340378705
ck_0f743bd13373748e,0.022325237759324594
ck_399b0d510be98bd2,0.017440308669912835
ck_ca4465f2b5c1a52e,0.99116821119794185
ck_2a59f23fc5194699,0.048205857320784334
ck_243c18dbf150831c,0.026019278030701528
ck_88d9244a9cf7a77e,0.59933797290594359
ck_1ba28fb7ef726ce2,0.0071485754073286525
ck_786f079389126e44,0.028581424199130089
ck_4f01f7eac0efaba5,0.0054700290849203637
ck_47d29c01b20cf69f,0.013710585253791839
ck_07a5610ed28162fb,0.012815395571252483
ck_57b8226610b48854,0.018395004662589205
ck_c6fff412f531db0f,0.0023629285822646543
ck_bac6dadf428eaea9,0.016938240048661915
ck_e37196b20968b73c,0.021149286500046625
ck_12631b78f8a03df2,0.0058016634898229143
ck_2c6b174b063ec637,0.017088505335814977
ck_af559f990c640e41,0.0068753213637341107
ck_e7a3881c3e36bd51,0.028065862477068652
ck_5839f5cbd8165b1e,0.034039854047705917
ck_67858bc00e81490d,0.0042342752069109667
ck_4737e0d56c6fa0a1,0.029233637971533562
ck_93e0d6befb67f7a1,0.021889148606219863
ck_2e315f1b1e533dab,0.068115058002502185
ck_af32a0660090dd68,0.014453927216740551
ck_ede2e887697ffac0,0.0083480151873244132
ck_f48acb73a5d6af07,0.0200362527767756
ck_756d2c13d02b3e09,0.013716143434285843
ck_96fb9bf556842bbc,0.017035721081639546
ck_916784595f028226,0.050099222537074849
ck_20c99b645f462449,0.0061121825726035677
ck_9863bff41d24ce9b,0.012277098679083847
ck_5009a6c8bbaf15ba,0.036404905624556991
ck_a821980ac4db9943,0.64859462051317252
ck_e6de67c0d82a7b83,0.014006332409510403
ck_752dd3d2487f78ea,0.0061362321856853058
ck_9652283c9f61fcec,0.0045555363282702597
ck_ff8059ae5fa5f1ee,0.0032392098187035688
ck_fc4a43f8876bf10f,0.046030633249869932
ck_a9aa5c344c315532,0.015102492617247663
ck_8e2b2251ee224aa4,0.015778843447721257
ck_3a47e3f54475e854,0.0044988985219523705
ck_51bd5f69b4fe0b92,0.55166406082636255
ck_d52432ed597f3cc9,0.0094903653585885796
ck_04fb61e5739642f8,0.098613518272689063
ck_fc3d95030b81f416,0.00361719054570687
ck_1906f0dfaf6e9bad,0.28637311928271503
ck_66cfc1ebc9a513c8,0.0027205163907778919
ck_1411a80a157ff39c,0.015024370801964042
ck_9b436162039a77d0,0.013442926827286986
ck_b9485218cef413f0,0.011492116479746965
ck_b62f5144db15ad34,0.082445176809660473
ck_5dcd443fe0bbdeac,0.0035509768794154428
ck_b7dd681eb3d2ee38,0.0066078329671573413
ck_bd21164bd2bbb635,0.008947822715002992
ck_e6222925762273b8,0.15522765281467391
ck_bfecad7586f65e4d,0.019120878948985093
ck_aa9953c0ca2bed7b,0.0028039066055852496
ck_bea56db7f3e930e8,0.0040199005979255596
ck_e40a156511345d6a,0.0045564801748071869
ck_03f6664a96de7d0f,0.0080580892831727414
ck_1a319e509f1efa1a,0.0041098872114012711
ck_7a52674e2806d8f5,0.018298480326713121
ck_ec4dd3675a8d28cc,0.0050769519294673725
ck_dce1fb3acd65562f,0.0038987572521806194
ck_abb9d65ff1f95b64,0.045550780828317962
ck_aaa9861c91bd14dd,0.011759985732698401
ck_2cbc2f93a32eede8,0.035191966624506119
ck_f2d3e3d90608596d,0.30542563978198667
ck_127273af97d7827d,0.0050181697464729697
ck_a6def1e4b2d57e0d,0.021856205975761343
ck_96247fee0eb44420,0.0082413544581127381
ck_5517b9a865960542,0.0034242150723888471
ck_37176850ed68831e,0.0056546811051068936
ck_ae416325fef92c9d,0.87833176063159901
ck_f285e5e1912a7c62,0.0079589366701438569
ck_368b65fca69fc415,0.098511134476318471
ck_9a36916b60178ded,0.78167894142039507
ck_4a0eae220a762ac5,0.01757193507853121
ck_e9b0bca7368555ef,0.01138459888102886
ck_da1c853b0a061e83,0.039851419889623874
ck_58412a2674fea506,0.021098377898957077
ck_9ab42875a0f95b43,0.018844170120066554
ck_affa5aa0bff9bb0c,0.02492939688805549
ck_d27a73596b6500c2,0.014191405636162632
ck_2d963f9b2c4d11e1,0.035330253247798607
ck_dc16f939c2f44ad8,0.046472589037863068
ck_97c38e7f61c27e47,0.015005432626794482
ck_861d8e3d88f1079e,0.077397087326845193
ck_819988d8a7f26415,0.003425450545124087
ck_5e021f2a3b66e256,0.021393877953870162
ck_0428728df24cdab4,0.0075921554237199313
ck_780738e0d71e7e43,0.035753597323317864
ck_5fed957287ebca03,0.0063632563418594933
ck_bc19c383560c7477,0.0096177734448762361
ck_b1befe967f7a5ebf,0.019847927179329192
ck_73a54b56a2bf35fe,0.27152838123995016
ck_60bf8a2870956fb1,0.013218258978693054
ck_6a0ccd7357979f0f,0.045122229307508713
ck_6b255bf68709109a,0.029134519237888328
ck_2cb3c99845e572da,0.0058440062208358423
ck_c9e1e3229baae708,0.011257560543888372
ck_1a4bb7d3d2ee3227,0.0072606546843302869
ck_c7e07ebfb0bc15f6,0.043099993592725358
ck_4bb90a61c21a303b,0.015109829494356365
ck_3ade9eac7d7b0dbf,0.17875774539145045
ck_8171ef803f5ff604,0.0095342286809424106
ck_4859a58629622915,0.040552073777102342
ck_20124c3a16c53ce4,0.016637168280303899
ck_dd3feb77d7d4f6d3,0.0068226053171750716
ck_ed0c4a83701ca230,0.0091448775226239277
ck_982ebb24174a4ade,0.0038370672146735003
ck_deb3ac0606d6f6db,0.013389873578201882
ck_e666629e5a41b39b,0.003496447067817445
ck_1a9d6190c57ea7e2,0.42533756590425364
ck_527550dd15f38782,0.026106034518889161
ck_480347ad92037105,0.0080169523154411115
ck_00b9818e2064405e,0.020430317977594752
ck_b53281da70defcfa,0.016849100377010283
ck_3f090fc96c24eb28,0.008004139480671248
ck_3d9afd862b3f4053,0.56965832645242986
ck_9bf3ce30b65f75c7,0.03682448482392979
ck_2d5a6b6636a2596b,0.009563329145858418
ck_9a4967cdf49265cd,0.34792238431855715
ck_69691226c68fd50b,0.2149609025778563
ck_1b1efbd9c0964c8d,0.031457014147514971
ck_78bc3f1d0f35ea6c,0.01228909981149638
ck_d288b77d1e227970,0.021179770322341095
ck_017208fcc01b5d40,0.0075536828178898695
ck_8b3b874249adece9,0.025157534616986752
ck_49ab879b5aa7fccd,0.12434706164464671
ck_b3ce8f1bcedfa043,0.015146115250622268
ck_7e3923d278a5106e,0.010539285192613386
ck_e05e91cc180063d4,0.043310616164090252
ck_ba666a425930615a,0.0032300153062746226
ck_a8382d8345f21e1e,0.0041430528730172309
ck_3dee83fa2d109484,0.0036444052812499746
ck_2d177b2f4f0b40c9,0.22520298510662223
ck_40140bef4db73741,0.015905046725025743
ck_22c862a496008c96,0.99477152213596265
ck_aa42976a31cb7770,0.010741896005797856
ck_782b0be796164335,0.0088036191553802663
ck_5f864d72d1eead99,0.13893000616409037
ck_0ada6fed1864e7c4,0.0096975856471867572
ck_7878545739af0a73,0.0064943863048320576
ck_ab973888c20c9120,0.055492263460296135
ck_1ae460f331e49ae2,0.01314315314614869
ck_509c22828d467ba3,0.017329671706639908
ck_24dae044dc05f849,0.015448385885354816
ck_2b8f33e22f939372,0.16601585299283012
ck_6a01c375fc26705a,0.0029262950905711419
ck_ae96d35465b3b4bd,0.011369254170619259
ck_512ebe97c0af94dd,0.15246415114253536
ck_5af9934a56801ac0,0.0068495966115059842
ck_fc7445ec76389a58,0.22349177809026535
ck_b8266dcd90cbfa62,0.0039714877495428645
ck_884b2e463ff1d54f,0.0084484926490146252
ck_95aff1fe27fb24bb,0.014125463724870911
ck_7bc752ae7cf5d55f,0.013651551533527701
ck_57b3fee69bdf85e8,0.003795464283703968
ck_ef0d702d7b0ed745,0.011109628659416428
ck_212380e0371d8a6d,0.012518354755779924
ck_2b90b76cf4d162f9,0.017427363184054814
ck_87771861e0447210,0.14854033318013668
ck_21fe7bc59dcd78fb,0.0052723097801393726
ck_fc0cc4b25e6a8194,0.0058503216590256035
ck_e7a530e09d113dd7,0.046322427209067624
ck_3f94a34f5038f7c1,0.62769797626453705
ck_124565a11b2f8bb8,0.018267064640936054
ck_38ba4a6b6a292054,0.11214132495558427
ck_6a4981bc721df37a,0.02527782994874548
ck_4672167d7c989bbf,0.074138503069135497
ck_817926b449754917,0.0092313929578141593
ck_54c2604c9ca6256b,0.016585750792917762
ck_0302f67d75973dce,0.011213324095003859
ck_9a6a1f8102febfca,0.032577872443227282
ck_7f1c20319eb60aa6,0.99252432687010717
ck_a86cd653472eccbc,0.011012671019587663
ck_02028b72f26fe855,0.012581805050366424
ck_4108b4038f762817,0.15206551282091921
ck_63356762d24aab81,0.018614381030076555
ck_5e3bc76eddbdb0a6,0.00742630519908246
ck_7f3685aa2933b251,0.064109792382327641
ck_3b92a46daf8d00d2,0.01044607668728947
ck_f1d8a2695a575e56,0.015373802199237589
ck_0324a4812ec319c6,0.0083832355133099321
ck_5c36c78b7a4d138c,0.0050026884630572314
ck_9b6282e3bad50710,0.019455895652829472
ck_7373d7b04c7799bd,0.011458947485620142
ck_0b0e79d33e50cba5,0.012139933157837575
ck_f3c16d8f747db046,0.030428279343433971
ck_839ce35819bfa4fc,0.0038151508026254416
ck_275386782b1606f8,0.0036263625512371741
ck_4e9fba1ec54c3ff8,0.013142672376563157
ck_4b041217690fca2f,0.019700631910457567
ck_a59e90219939a1f0,0.0058358601800331993
ck_a9c2cdc758df8510,0.037287136002607656
ck_720cd658d11ea428,0.039061374035913352
ck_fdeaa1cd085691f0,0.027190141671615101
ck_2bb1389e5e72c8f4,0.036367418786151712
ck_5de33a7a87e9aa62,0.026515444911575366
ck_f7a07283345a0dce,0.030418095522951404
ck_c375e929becde422,0.010168685151962226
ck_c84ef83489badbfd,0.029351408505400127
ck_cc3318839c4b0745,0.0030440161794130843
ck_279a1d3a3836e5cc,0.0096340597000030316
ck_7977135c2ff61e92,0.010208514798341183
ck_6a1ff9d69466181c,0.99235195517774843
ck_e1ff9e31becc27ae,0.029394713055166825
ck_a13fee8cd925d0dc,0.0015550817532881101
ck_b170a7db522a0d6f,0.0067461835973793675
ck_8d38747058d0aeea,0.56923633429654252
ck_18116d0ac08f1996,0.86953505113055019
ck_2210f7a0d13bdbef,0.053068845028057338
ck_1af547077ba2dd03,0.15479716289785109
ck_516163fcf04d5e77,0.012133173309977919
ck_8b39d8aacfdd72b4,0.10315571392602577
ck_d39b0152116203be,0.011571495321264353
ck_ed33f8a937f9c7c8,0.0066324718036879747
ck_ea1e5b5128ecba2c,0.015555238803182238
ck_8247f008a14bd1a2,0.0063698286383308978
ck_3d6046a533057795,0.0078919589046626392
ck_0bf2e13b9f2601ac,0.015764415641717801
ck_f4de03f44e3a5bd5,0.022847926682592102
ck_3ba3fa5387bacee8,0.0011450437595646838
ck_8f604fa70fc3c8e3,0.0098849902180457236
ck_64f3bb17101b7c42,0.0069897741705845957
ck_a4e6fc391b674335,0.28261303901734891
ck_79b6a86830156b5a,0.020471370092156518
ck_d74123617f22a21e,0.0052902051299629754
ck_9dbe184e81c1ca8d,0.1781441928304382
ck_de2924955926d046,0.020193766218614587
ck_e556c4d36aadbe03,0.00504877531229787
ck_e37cee7b123692af,0.025905605999703804
ck_c50fed2a7c9198c0,0.014356755665657453
ck_5647030283171ed5,0.54707657391376063
ck_d4972a775aadbbc8,0.0079065247832007923
ck_ce5ed372b1a2ed6b,0.052079268657323458
ck_3eb6146c262e0fc3,0.0022352823257087645
ck_53816231f3ffb48d,0.0058767511223354902
ck_afb23858a4ef42ed,0.93687899173059574
ck_3882423b449f6291,0.94452684058582259
ck_79b235d51718435d,0.022527329102218569
ck_298278a9da874437,0.020064267532997185
ck_32f632706608859e,0.0048373020150094146
ck_3638bc3388dbc1bc,0.14682344491475707
ck_ac7cdb9b8da7b5dd,0.013107483370494853
ck_7d025dea5951cba7,0.0065468696823661517
ck_f06d00a4f9c87d80,0.0081121589595382574
ck_d9c2622cb6df380b,0.022839863432163172
ck_d4ec44760cbe03f4,0.006066175181641798
ck_c1d05ef0ec6e4be7,0.0059042674360481641
ck_5abe57dfff4b735c,0.021559088550072707
ck_53cddfba570b4a3b,0.0075238533138208717
ck_7c500e219af39486,0.010751059500013604
ck_3bece63711407e25,0.027000626611328848
ck_8ff1e6028e764472,0.97753123185113933
ck_8c346eeefa9ce692,0.017766294818157575
ck_d840db8cfe2ef6f1,0.0029310943218476904
ck_cc6d33890d47a6cf,0.01158606068511614
ck_2ab28149b0986642,0.042867317643121954
ck_4ad5937bef176d89,0.0085049508935638295
ck_645f15bbbcff3b4f,0.98580560628617819
ck_aba32acb61c1aaca,0.030590901723466409
ck_26de14b96bdad4f6,0.0088486130527318501
ck_ab80466ef615e85c,0.004155958112727242
ck_ba93cb604f792915,0.038872198046314005
ck_3830c58d841e9e69,0.73284251660328348
ck_1d5d74169cf892ef,0.016374981419951282
ck_eb2323215ff70362,0.03052744047455052
ck_6775e387dace7525,0.010271490422205634
ck_0ea30eff5f361cba,0.046343648266709558
ck_cc5a35175d381d5a,0.034517471884168996
ck_e14681aad43e1a72,0.041713801378698241
ck_3222ea25aa29bfa6,0.007922514271061061
ck_f6c42001b84a10cb,0.066323155653653806
ck_3753cc5b9d02e2fd,0.0063859727904292968
ck_eaf6f7082c3db2bf,0.022699690739970562
ck_a9ffd6b3957bd41e,0.0058239878810249961
ck_558a82590f65df69,0.0028335687075765046
ck_7ec423cb56257516,0.013732901991510334
ck_b3867f7f494db64c,0.0055162810417396738
ck_3c9a06eb07c300e4,0.0029613967487634946
ck_d960af7a55b892b1,0.0052487189667396253
ck_3d83e0a3c1cfbf8b,0.0057832581892404153
ck_34ed59bc2c9b0186,0.0056101366842091528
ck_4136b00924695ab4,0.0008683737312641486
ck_c802cf8f61466027,0.0024323732277877377
ck_de436e7b319be1fa,0.99173377021688114
ck_91081be0254878a5,0.049942514022966629
ck_ec2eee6a133e9a6f,0.013059429435692885
ck_81429c4910ca46cd,0.0039889520989758401
ck_80ad4396e1084c68,0.034521363248309629
ck_11667f5b9fac7bc7,0.0038355288853556624
ck_7367917891a63771,0.03200780090150418
ck_f908b527c4db422d,0.026747244017501177
ck_2329cc9702cdf7a0,0.026676378949935665
ck_6573c4947cc8607e,0.023806412350042938
ck_ebcb93a2990fc914,0.19921939485116727
ck_7a1782cefe26a456,0.035644311139629722
ck_ee3e7c9d3a9c74b4,0.034515447729205576
ck_720776a46e56dfa8,0.010685787918637151
ck_bc8f31f4a2ffa1ae,0.0052221719623667283
ck_0cd8802264e0a1ef,0.023255317661595443
ck_c0d2c56f9c722e99,0.97868769240753117
ck_8c949bdc6e8720fa,0.061905187331339109
ck_0ada63008be5685a,0.012425064023678085
ck_a3f821bdf408c326,0.0052666696731475384
ck_de13de941bebc7cf,0.0042525694737180087
ck_fc8cd8a8209e802d,0.00939955055031488
ck_181f3dae03b87136,0.05673449237230474
ck_ecaa6f13304e3dc5,0.0033794883600785572
ck_e06f6fed020ae014,0.01222836447598212
ck_2c041b1efb1c5063,0.007387212954463279
ck_8abd1a50a9227463,0.077190761228499188
ck_8ef1d05cc1e53e7e,0.029516971407251839
ck_4637e54a9f79e2e7,0.014472517134922737
ck_e8bc49e6494c1f37,0.002495014279411875
ck_11f9390a11ce9ff5,0.028624284880974852
ck_15b4840922195ffd,0.032216896297338329
ck_6bcfa37c717f19f1,0.018183736881457094
ck_efb24be983342f75,0.0061001800210859613
ck_5b137d74bba6b1b4,0.0053208802232710753
ck_295c0072eca7f7a2,0.0052698831710005795
ck_4af7b97c24d89a45,0.030613528512708599
ck_fa0ecbcf9a33d6ce,0.01467956750997044
ck_da84a0dfe947fd3c,0.022651177295223236
ck_3e3c64b3b7876ce6,0.0097367186334050993
ck_da2729307af06ed5,0.037935087309693458
ck_74d0e7c2c6b63d36,0.89724741407522646
ck_c478aae3031bb328,0.02634508809084965
ck_cf301f2194975866,0.0087193386685679858
ck_086d29ccae565e5d,0.015116194242900914
ck_34a33ffe8339f66d,0.95446394961448067
ck_e57c79eaab35ded7,0.022115995235564276
ck_4940e78cbdcfecf3,0.0042448618630902338
ck_578f67e69e5d2cfd,0.0036201045013902716
ck_c767fc454fa215d0,0.0099080330303929712
ck_5d644224135d7c65,0.015749216280754191
ck_e78ab4ff52b5fd2d,0.0060736871903919656
ck_51efdd240e34c642,0.034032000580650333
ck_c39c6a1453e2b92c,0.0052724400140526997
ck_b080ff636932d1f1,0.0047376684252946003
ck_5c8390017fabfaef,0.032660118674931092
ck_61176dafb33b2d8a,0.7353372455367031
ck_fc6fed6ea96a004a,0.0078666856765723589
ck_3e2516a3e35067e0,0.0066255431607784732
ck_17a95bba77217d85,0.032407364087871149
ck_1ffbce3a239bb264,0.014999396901284955
ck_7f960541e5174565,0.013039064573211696
ck_9b1c3742dd6fcb8b,0.0071292450181597491
ck_d5458ba39ae94498,0.01183275942083167
ck_0a921a73a90c2e39,0.035412791042156611
ck_293581d879f6663b,0.67483356845602649
ck_03e904682dc73bba,0.011855501142366774
ck_4f490e379e9ded9a,0.0060647890878922804
ck_9b9ce7bebc235fe8,0.0040882577043001413
ck_a4a42d4bff8af645,0.0034210103128592263
ck_b046067c6ca3831e,0.026932630904585954
ck_bc7ece8787ca7200,0.009176008283023996
ck_2c5bc11bb7ae5d2c,0.87436937369391399
ck_b74b9ba6d7c9aab7,0.051540694826435168
ck_91d48d69e4f5d9c2,0.0052086850886654034
ck_1a71f8081ae00190,0.95995887629618026
ck_38ba64efa7c38250,0.021109677973740505
ck_1a6ddfeef82b1b1a,0.0079890203769341223
ck_c4402ea6291df271,0.022029484822635521
ck_478d2667aa9896d9,0.044472091674718675
ck_c9490cb61aff5112,0.019225742645069502
ck_88f27ab479063852,0.018408042945942435
ck_b7793edca26fc512,0.0065988486337885694
ck_f88028c3f306bc70,0.017257167666432337
ck_e8a6acea22b20312,0.30776655686433546
ck_c8b7f241810b45e5,0.0024033530497271078
ck_2408db62e4395ccd,0.012391223824131332
ck_bcdbf57d98dc0d27,0.034058319911245083
ck_b3225a98acd04f83,0.0045450377426571207
ck_35694db37f0cde7a,0.0020677225235624409
ck_87d55ca333f22072,0.0023639203439587437
ck_ccc917533d4b73d4,0.013625291030565135
ck_0c5ba86f4e05b38d,0.015718489495851203
ck_8740a14d8096c6e1,0.0080893423751129574
ck_17ab24fe914ae44b,0.0038318750894857658
ck_3b963d6be2773861,0.021146955087963604
ck_c183dff3781746cb,0.053086967712361065
ck_7336611650dcc088,0.0043116184612018247
ck_c817259019588d30,0.0062880794677863654
ck_d39864119cdd460f,0.037079355532698366
ck_463ae759e2b6ad1d,0.0072348481615570857
ck_e560f720a988d8a2,0.1363794586224695
ck_72dd0dbdf808cb00,0.034683866219162675
ck_32bb42f9bff197f8,0.0056044641109088047
ck_70bef9ddd4bab005,0.002383016651936392
ck_4b15b0746318cf42,0.17544934850403238
ck_39a68c55a1bd3ace,0.07110476130143005
ck_4c76efcc1ee6762d,0.085380409926786999
ck_79f5198f0decef20,0.051360439299134468
ck_f655399ac75c4450,0.0061319186443609813
ck_24b53090faf722cf,0.0077007188084280542
ck_11cb98211b2ed134,0.96132070718291107
ck_3534be0f4efd313c,0.030961845745323735
ck_28d2003c2d16e4b6,0.0025935159781768349
ck_d3796aebda1cfed5,0.80509664099680034
ck_a3a0bd59729fe619,0.0053589178322648399
ck_8ddaf745bbb9cd62,0.0025420878356332828
ck_fa24db9d416ab904,0.0044129595191714664
ck_493b6256091014cd,0.050401408897267373
ck_57a6b56b09bff24e,0.0044055294110615911
ck_a2245822cfea997d,0.013115908442428157
ck_92f6ebc11ebca89b,0.016162758738469923
ck_fbf630c960194033,0.10522233662150154
ck_1c17c65804f8889e,0.0084182842151365282
ck_00ff7389d6a83e29,0.033110300145837643
ck_bdd8eba728800e29,0.013614214512196344
ck_0525349f3945375b,0.056856874907611807
ck_d1b0699d26282871,0.027644327299501004
ck_a678731156ad7bd2,0.086286201027873419
ck_011551a596544f5d,0.022248458220239867
ck_0bfe62e0c7eab9c9,0.018332503358434261
ck_e5ee006ecd8ff661,0.07630016207708154
ck_e2374c7136c964fd,0.081457140345587459
ck_af528d66c86f0cb8,0.11357299000713822
ck_5448c946cc4758fe,0.0079658923712497953
ck_37d3e5c681a2214d,0.42876798324805648
ck_fca478361870a4ca,0.020602916621111807
ck_fb44d15fb93a7157,0.029708907272966822
ck_0e8f26536ccc8947,0.037169535971944646
ck_6768c4b2aa8ce586,0.015980718729394605
ck_6a548da1728b5823,0.98400689615801606
ck_0e7bf10ef49aa818,0.022892715027012248
ck_f2c824d3473db24c,0.011653974327183247
ck_d9ffca35188e49d8,0.016007691902014076
ck_3db73bbe03c3d240,0.003356319392828864
ck_899f88464305824a,0.019642614352873483
ck_148c28df51bba5e9,0.87483159027004431
ck_7955a359b6448799,0.0029188133061591581
ck_8c748aaa4a4554f9,0.012172600451438614
ck_fba15647b3a140d9,0.010262195715849734
ck_c2fc0ac460786d02,0.049006141911736786
ck_e42206e91f6a1752,0.0027811814253954283
ck_8c136dc691e65695,0.0011935799003190228
ck_8c0955dad13c3ca1,0.040253439471148192
ck_6d4cd2de601a2308,0.011160223978552481
ck_76ea90ebc74bcdc7,0.016909333724727735
ck_734f06bd4aa92781,0.0067153719780843751
ck_41af3729590c2484,0.012467360903878462
ck_e63256667aa19070,0.029094125370080319
ck_1b2ce474fa6582b4,0.043393899437811738
ck_c8131ddc7ed33448,0.01237292828940193
ck_33ecff7914349ebc,0.017495868594134548
ck_36287d063350ce9d,0.0074254649949738868
ck_956dd784525f5886,0.017604018385497973
ck_ba7b78d31d74c794,0.0287485273664062
ck_5bea0e0ee0b094cd,0.0194764481801281
ck_d6a4faadab58a3de,0.0079255479809272767
ck_bdb966f43ac350ee,0.036192929326971421
ck_3fa559c679751b3a,0.015183189897896614
ck_7ef019ed77276496,0.0085378752934894379
ck_0e6046fc30f81705,0.015077021729437409
ck_53aca610e20598bc,0.013580998639357338
ck_5275be4e1577c1c7,0.010731428409606383
ck_43948784650bb9ac,0.011589764079276463
ck_5c87eea1cc07cc92,0.077650853073908149
ck_5f445182829ef342,0.023718408584791979
ck_cc81dbc83a8879fd,0.0059933291303989732
ck_68ef3e7301c621b7,0.013057018429243835
ck_e988c108754cee9c,0.014369126092080523
ck_3327a0582407068b,0.017462639767478985
ck_e1d563fab4d6116a,0.083401782906141322
ck_588f6e6a6a6d93e8,0.013051637113008167
ck_723b4afc388113c8,0.0070031655730281453
ck_240f7f894c5a86e7,0.0061944012649843248
ck_ab553954435e8854,0.63899078049424851
ck_78cd402a2a4f2e35,0.007251713136306728
ck_09054e97bdf9624e,0.018481947554520227
ck_303b33910d67f306,0.0053239635229230644
ck_74e9747954a46eaa,0.023648520963011725
ck_b56c62c950eda009,0.0072913413076954956
ck_58f757e40a9b8877,0.07845218769307416
ck_45a16ce12893cf9b,0.0087545769483883713
ck_3272c2c4a37d5220,0.71619386503165527
ck_9cb89cc3178e0172,0.025586102144614105
ck_c5d62b2b7a6f3bac,0.88555739990437987
ck_0dd417fcbf19e424,0.014944602906959087
ck_5379452a9d74efae,0.015294442628162404
ck_344a95cb7115ec67,0.012650517879879287
ck_6f9fd15ac6b163de,0.0076805385471918584
ck_173e1198c341087b,0.0027138254656799278
ck_9994323f97109f4b,0.97610439073336086
ck_05f375fc8ae0afb0,0.011873092832483296
ck_d328db1e1052d820,0.0069421400076537122
ck_70396398e4a96449,0.011578981990478458
ck_61b067de8ffc1ca1,0.013049756302212775
ck_87809324c2675b0a,0.021619854745279631
ck_27cdf9c5e6f0915b,0.0078881343046640455
ck_5b8fc4a76f340797,0.028167385405247887
ck_a44462a3853ac67e,0.99226943843997772
ck_466a7316eaf149b1,0.024493146545150814
ck_d35c51e981b98c5c,0.0083766279195339379
ck_99c0004d8b7079f8,0.017473390511314378
ck_8a8f81bf3558fd9c,0.0059394803885099825
ck_b4dcebc543deaafb,0.042812225143545782
ck_7158ad9e58769ffa,0.092248264749575898
ck_3c02d4dbbf6716b6,0.0099737746269439841
ck_41ef7967faf5ce82,0.0046844777423341952
ck_a7c1dabf3869772f,0.033735041333043614
ck_77d9f86dcf251739,0.0099412204764505237
ck_02903c48b6cfd65d,0.01523988633617222
ck_b45e47c39d4dc7bf,0.019992021133686019
ck_e55e5bdfc0242aef,0.027554506691558258
ck_ae20e28f9854f3ee,0.01592864685184606
ck_9e65a8a2f587691a,0.012239864249763928
ck_dceabbe04d99afc2,0.0086108640932752584
ck_837be8126bb19250,0.0043615429056718192
ck_c05737ab74cf03c6,0.070530467524870619
ck_2cdf5fd97ba75e06,0.046743466377756865
ck_97b8e05d62abdc14,0.0059633648773777664
ck_7df9910af2bba21b,0.0058479689134595964
ck_850e2b59bc535490,0.022695585416316052
ck_978c21bb5fe3171e,0.036669424470290313
ck_d654449f9231ad76,0.0054057915794487477
ck_e136e20c1c74fe38,0.0076088873566302843
ck_2fe6cac002142f67,0.020097437376852875
ck_8432ccec1a4ec7fd,0.9950791853894303
ck_95e4bef65c36af1a,0.0052783211053728882
ck_a725d7aed2a0bdc2,0.01051336963612215
ck_9b9d9e579e7b55b2,0.056535646548004845
ck_ea4332c8fe48e2a3,0.0068949433116565293
ck_9937dad93a0ed3c1,0.00655508347452575
ck_3dc4d464386f0eb2,0.22543546399868086
ck_e0e90b196bef3c11,0.0047670018506083042
ck_2139062d4569aa07,0.020274522347710131
ck_8de38f8c7f91961f,0.059540548215776007
ck_bdbb4230c91e1604,0.023711195221025737
ck_f7305b3c64cf8a03,0.010819089927235008
ck_454a7e4d859a3409,0.0086663842876807413
ck_00d6730134a1eb51,0.049526778502791809
ck_dd89a282375bbab6,0.10883219855195882
ck_be2251640f27a3c9,0.11786044660635181
